-7.853981633974482790e-01,0.000000000000000000e+00,0.000000000000000000e+00,0.000000000000000000e+00
-7.853981633974482790e-01,0.000000000000000000e+00,0.000000000000000000e+00,0.000000000000000000e+00
-7.853981633974482790e-01,0.000000000000000000e+00,0.000000000000000000e+00,0.000000000000000000e+00
-7.853981633974482790e-01,0.000000000000000000e+00,0.000000000000000000e+00,0.000000000000000000e+00
-7.853981633974482790e-01,0.000000000000000000e+00,0.000000000000000000e+00,0.000000000000000000e+00
-7.853981633974482790e-01,0.000000000000000000e+00,0.000000000000000000e+00,0.000000000000000000e+00
-7.853981633974482790e-01,0.000000000000000000e+00,0.000000000000000000e+00,0.000000000000000000e+00
-7.853981633974482790e-01,0.000000000000000000e+00,0.000000000000000000e+00,0.000000000000000000e+00
-7.853981633974482790e-01,0.000000000000000000e+00,0.000000000000000000e+00,0.000000000000000000e+00
-7.853981633974482790e-01,0.000000000000000000e+00,0.000000000000000000e+00,0.000000000000000000e+00
-7.853981633974482790e-01,0.000000000000000000e+00,0.000000000000000000e+00,0.000000000000000000e+00
-7.853981633974482790e-01,0.000000000000000000e+00,0.000000000000000000e+00,0.000000000000000000e+00
-7.853981633974482790e-01,0.000000000000000000e+00,0.000000000000000000e+00,0.000000000000000000e+00
-7.853981633974482790e-01,0.000000000000000000e+00,0.000000000000000000e+00,0.000000000000000000e+00
-7.853981633974482790e-01,0.000000000000000000e+00,0.000000000000000000e+00,0.000000000000000000e+00
-7.853981633974482790e-01,0.000000000000000000e+00,0.000000000000000000e+00,0.000000000000000000e+00
-7.853981633974482790e-01,0.000000000000000000e+00,0.000000000000000000e+00,0.000000000000000000e+00
-7.853981633974482790e-01,0.000000000000000000e+00,0.000000000000000000e+00,0.000000000000000000e+00
-7.853981633974482790e-01,0.000000000000000000e+00,0.000000000000000000e+00,0.000000000000000000e+00
-7.853981633974482790e-01,0.000000000000000000e+00,0.000000000000000000e+00,0.000000000000000000e+00
-7.853981633974482790e-01,0.000000000000000000e+00,0.000000000000000000e+00,0.000000000000000000e+00
-7.853981633974482790e-01,0.000000000000000000e+00,0.000000000000000000e+00,0.000000000000000000e+00
-7.853981633974482790e-01,0.000000000000000000e+00,0.000000000000000000e+00,0.000000000000000000e+00
-7.707030881618498475e-01,6.253144697959264753e-02,0.000000000000000000e+00,0.000000000000000000e+00
-7.163527635745903233e-01,7.944309052702762386e-02,0.000000000000000000e+00,0.000000000000000000e+00
-7.109740607445109717e-01,9.298136804096653052e-02,0.000000000000000000e+00,0.000000000000000000e+00
-7.929827259198640732e-01,1.382380436791780798e-01,0.000000000000000000e+00,0.000000000000000000e+00
-8.572011916062898251e-01,2.070597616871120428e-01,0.000000000000000000e+00,0.000000000000000000e+00
-8.707682011273476519e-01,2.366269966993555240e-01,0.000000000000000000e+00,0.000000000000000000e+00
-8.811631819355776329e-01,2.471091471547375018e-01,0.000000000000000000e+00,0.000000000000000000e+00
-9.117779986573393280e-01,2.843788567813749224e-01,0.000000000000000000e+00,0.000000000000000000e+00
-9.301585808738233041e-01,3.258929249217612512e-01,0.000000000000000000e+00,0.000000000000000000e+00
-9.400333006532668456e-01,3.468664491758181589e-01,0.000000000000000000e+00,0.000000000000000000e+00
-9.468815755807176160e-01,3.505465781177076745e-01,0.000000000000000000e+00,0.000000000000000000e+00
-9.562971892162450693e-01,3.679752466369113351e-01,0.000000000000000000e+00,0.000000000000000000e+00
-9.717619427296813051e-01,4.258736300410617681e-01,0.000000000000000000e+00,0.000000000000000000e+00
-9.837314681219648804e-01,4.535738655320124546e-01,0.000000000000000000e+00,0.000000000000000000e+00
-9.851352304871445753e-01,4.575823036317593351e-01,0.000000000000000000e+00,0.000000000000000000e+00
-9.960665912043068504e-01,4.631763153329496174e-01,0.000000000000000000e+00,0.000000000000000000e+00
-1.013002396755257273e+00,4.617621719119202606e-01,0.000000000000000000e+00,0.000000000000000000e+00
-1.049116114154437618e+00,4.582705691581646645e-01,0.000000000000000000e+00,0.000000000000000000e+00
-1.073596018837360777e+00,4.544903831073641709e-01,0.000000000000000000e+00,0.000000000000000000e+00
-1.085311348098348727e+00,4.545540383356446723e-01,0.000000000000000000e+00,0.000000000000000000e+00
-1.087492769030544704e+00,4.548447519716484200e-01,0.000000000000000000e+00,0.000000000000000000e+00
-1.089116209557622561e+00,4.652188461321920543e-01,0.000000000000000000e+00,0.000000000000000000e+00
-1.100865879531411906e+00,5.685035162260230202e-01,0.000000000000000000e+00,0.000000000000000000e+00
-1.119752817897190944e+00,6.007844793529626415e-01,0.000000000000000000e+00,0.000000000000000000e+00
-1.141089629256229365e+00,6.096737925863395802e-01,0.000000000000000000e+00,0.000000000000000000e+00
-1.175015133535777245e+00,6.259277446613595863e-01,0.000000000000000000e+00,0.000000000000000000e+00
-1.185422693574987418e+00,6.974604100661652151e-01,0.000000000000000000e+00,0.000000000000000000e+00
-1.206741537686780052e+00,7.537665224742632342e-01,0.000000000000000000e+00,0.000000000000000000e+00
-1.217499420808497712e+00,7.575245417962802597e-01,0.000000000000000000e+00,0.000000000000000000e+00
-1.248132172923831051e+00,7.690243352462705628e-01,0.000000000000000000e+00,0.000000000000000000e+00
-1.283019584823946291e+00,7.727002362148411851e-01,0.000000000000000000e+00,0.000000000000000000e+00
-1.282983819855239460e+00,7.739357794021302084e-01,0.000000000000000000e+00,0.000000000000000000e+00
-1.312593693080069457e+00,7.725669288002335877e-01,0.000000000000000000e+00,0.000000000000000000e+00
-1.344982495425078195e+00,7.755093381116400231e-01,0.000000000000000000e+00,0.000000000000000000e+00
-1.344484285910144239e+00,7.755802882551456889e-01,0.000000000000000000e+00,0.000000000000000000e+00
-1.344178526412030950e+00,7.759841886432810032e-01,0.000000000000000000e+00,0.000000000000000000e+00
-1.336041404737794425e+00,8.694085425853920190e-01,0.000000000000000000e+00,0.000000000000000000e+00
-1.350082280692656012e+00,9.502804605963097728e-01,0.000000000000000000e+00,0.000000000000000000e+00
-1.375506909606736716e+00,9.749295388872908363e-01,0.000000000000000000e+00,0.000000000000000000e+00
-1.447240213001230291e+00,9.976762620469107334e-01,0.000000000000000000e+00,0.000000000000000000e+00
-1.461448899322751238e+00,1.007027009907878190e+00,0.000000000000000000e+00,0.000000000000000000e+00
-1.504289120066679919e+00,1.015827644300661969e+00,0.000000000000000000e+00,0.000000000000000000e+00
-1.566763715902194765e+00,1.031740304224302296e+00,0.000000000000000000e+00,0.000000000000000000e+00
-1.573939195258028390e+00,1.042468200771666353e+00,0.000000000000000000e+00,0.000000000000000000e+00
-1.592187901609335210e+00,1.053148677345409290e+00,0.000000000000000000e+00,0.000000000000000000e+00
-1.626729506271128223e+00,1.068580097793690120e+00,0.000000000000000000e+00,0.000000000000000000e+00
-1.628153842847140265e+00,1.073927355973546049e+00,0.000000000000000000e+00,0.000000000000000000e+00
-1.653610317660157092e+00,1.084188085351913466e+00,0.000000000000000000e+00,0.000000000000000000e+00
-1.662445855755820379e+00,1.088241403601844404e+00,0.000000000000000000e+00,0.000000000000000000e+00
-1.662416618439410465e+00,1.090330554386374162e+00,0.000000000000000000e+00,0.000000000000000000e+00
-1.694187567582615239e+00,1.102593013956565171e+00,0.000000000000000000e+00,0.000000000000000000e+00
-1.699916290463426849e+00,1.106975349063035186e+00,0.000000000000000000e+00,0.000000000000000000e+00
-1.702844371207666851e+00,1.114514401579604685e+00,0.000000000000000000e+00,0.000000000000000000e+00
-1.704057354377938704e+00,1.119161467298218637e+00,0.000000000000000000e+00,0.000000000000000000e+00
-1.703824817749058473e+00,1.119307132971895102e+00,0.000000000000000000e+00,0.000000000000000000e+00
-1.703688035611616192e+00,1.119312401394759959e+00,0.000000000000000000e+00,0.000000000000000000e+00
-1.703342681365018541e+00,1.119327216161815075e+00,0.000000000000000000e+00,0.000000000000000000e+00
-1.703198398672795655e+00,1.119432746361451514e+00,0.000000000000000000e+00,0.000000000000000000e+00
-1.703198398672795655e+00,1.119432746361451514e+00,0.000000000000000000e+00,0.000000000000000000e+00
-1.703198398672795655e+00,1.119432746361451514e+00,0.000000000000000000e+00,0.000000000000000000e+00
-1.703198398672795655e+00,1.119432746361451514e+00,0.000000000000000000e+00,0.000000000000000000e+00
-1.703198398672795655e+00,1.119432746361451514e+00,0.000000000000000000e+00,0.000000000000000000e+00
-1.703198398672795655e+00,1.119432746361451514e+00,0.000000000000000000e+00,0.000000000000000000e+00
-1.703198398672795655e+00,1.119432746361451514e+00,0.000000000000000000e+00,0.000000000000000000e+00
-1.703198398672795655e+00,1.119432746361451514e+00,0.000000000000000000e+00,0.000000000000000000e+00
-1.703198398672795655e+00,1.119432746361451514e+00,0.000000000000000000e+00,0.000000000000000000e+00
-1.703198398672795655e+00,1.119432746361451514e+00,0.000000000000000000e+00,0.000000000000000000e+00
-1.703198398672795655e+00,1.119432746361451514e+00,0.000000000000000000e+00,0.000000000000000000e+00
-1.703198398672795655e+00,1.119432746361451514e+00,0.000000000000000000e+00,0.000000000000000000e+00
-1.703198398672795655e+00,1.119432746361451514e+00,0.000000000000000000e+00,0.000000000000000000e+00
-1.703198398672795655e+00,1.119432746361451514e+00,0.000000000000000000e+00,0.000000000000000000e+00
-1.703198398672795655e+00,1.119432746361451514e+00,0.000000000000000000e+00,0.000000000000000000e+00
-1.703198398672795655e+00,1.119432746361451514e+00,0.000000000000000000e+00,0.000000000000000000e+00
-1.703198398672795655e+00,1.119432746361451514e+00,0.000000000000000000e+00,0.000000000000000000e+00
-1.703198398672795655e+00,1.119432746361451514e+00,0.000000000000000000e+00,0.000000000000000000e+00
-1.703198398672795655e+00,1.119432746361451514e+00,0.000000000000000000e+00,0.000000000000000000e+00
-1.703198398672795655e+00,1.119432746361451514e+00,0.000000000000000000e+00,0.000000000000000000e+00
-1.703198398672795655e+00,1.119432746361451514e+00,0.000000000000000000e+00,0.000000000000000000e+00
-1.703198398672795655e+00,1.119432746361451514e+00,0.000000000000000000e+00,0.000000000000000000e+00
-1.703198398672795655e+00,1.119432746361451514e+00,0.000000000000000000e+00,0.000000000000000000e+00
-1.703198398672795655e+00,1.119432746361451514e+00,0.000000000000000000e+00,0.000000000000000000e+00
-1.703198398672795655e+00,1.119432746361451514e+00,0.000000000000000000e+00,0.000000000000000000e+00
-1.703198398672795655e+00,1.119432746361451514e+00,0.000000000000000000e+00,0.000000000000000000e+00
-1.703198398672795655e+00,1.119432746361451514e+00,0.000000000000000000e+00,0.000000000000000000e+00
-1.703198398672795655e+00,1.119432746361451514e+00,0.000000000000000000e+00,0.000000000000000000e+00
-1.703198398672795655e+00,1.119432746361451514e+00,0.000000000000000000e+00,0.000000000000000000e+00
-1.703198398672795655e+00,1.119432746361451514e+00,0.000000000000000000e+00,0.000000000000000000e+00
-1.703198398672795655e+00,1.119432746361451514e+00,0.000000000000000000e+00,0.000000000000000000e+00
-1.703198398672795655e+00,1.119432746361451514e+00,0.000000000000000000e+00,0.000000000000000000e+00
-1.703198398672795655e+00,1.119432746361451514e+00,0.000000000000000000e+00,0.000000000000000000e+00
-1.703198398672795655e+00,1.119432746361451514e+00,0.000000000000000000e+00,0.000000000000000000e+00
-1.703198398672795655e+00,1.119432746361451514e+00,0.000000000000000000e+00,0.000000000000000000e+00
-1.703198398672795655e+00,1.119432746361451514e+00,0.000000000000000000e+00,0.000000000000000000e+00
-1.703198398672795655e+00,1.119432746361451514e+00,0.000000000000000000e+00,0.000000000000000000e+00
-1.703198398672795655e+00,1.119432746361451514e+00,0.000000000000000000e+00,0.000000000000000000e+00
-1.703198398672795655e+00,1.119432746361451514e+00,0.000000000000000000e+00,0.000000000000000000e+00
-1.703198398672795655e+00,1.119432746361451514e+00,0.000000000000000000e+00,0.000000000000000000e+00
-1.703198398672795655e+00,1.119432746361451514e+00,0.000000000000000000e+00,0.000000000000000000e+00
-1.703198398672795655e+00,1.119432746361451514e+00,0.000000000000000000e+00,0.000000000000000000e+00
-1.703198398672795655e+00,1.119432746361451514e+00,0.000000000000000000e+00,0.000000000000000000e+00
-1.703198398672795655e+00,1.119432746361451514e+00,0.000000000000000000e+00,0.000000000000000000e+00
-1.703198398672795655e+00,1.119432746361451514e+00,0.000000000000000000e+00,0.000000000000000000e+00
-1.703198398672795655e+00,1.119432746361451514e+00,0.000000000000000000e+00,0.000000000000000000e+00
-1.703198398672795655e+00,1.119432746361451514e+00,0.000000000000000000e+00,0.000000000000000000e+00
-1.703198398672795655e+00,1.119432746361451514e+00,0.000000000000000000e+00,0.000000000000000000e+00
-1.703198398672795655e+00,1.119432746361451514e+00,0.000000000000000000e+00,0.000000000000000000e+00
-1.703198398672795655e+00,1.119432746361451514e+00,0.000000000000000000e+00,0.000000000000000000e+00
-1.703198398672795655e+00,1.119432746361451514e+00,0.000000000000000000e+00,0.000000000000000000e+00
-1.703198398672795655e+00,1.119432746361451514e+00,0.000000000000000000e+00,0.000000000000000000e+00
-1.703198398672795655e+00,1.119432746361451514e+00,0.000000000000000000e+00,0.000000000000000000e+00
-1.703198398672795655e+00,1.119432746361451514e+00,0.000000000000000000e+00,0.000000000000000000e+00
-1.703198398672795655e+00,1.119432746361451514e+00,0.000000000000000000e+00,0.000000000000000000e+00
-1.703198398672795655e+00,1.119432746361451514e+00,0.000000000000000000e+00,0.000000000000000000e+00
-1.703198398672795655e+00,1.119432746361451514e+00,0.000000000000000000e+00,0.000000000000000000e+00
-1.703198398672795655e+00,1.119432746361451514e+00,0.000000000000000000e+00,0.000000000000000000e+00
-1.703198398672795655e+00,1.119432746361451514e+00,0.000000000000000000e+00,0.000000000000000000e+00
-1.703229921290650317e+00,1.119463989153756556e+00,0.000000000000000000e+00,0.000000000000000000e+00
-1.702849074001420826e+00,1.119680196666806626e+00,0.000000000000000000e+00,0.000000000000000000e+00
-1.703028476912585853e+00,1.119905131372787244e+00,0.000000000000000000e+00,0.000000000000000000e+00
-1.702235588668755462e+00,1.120312001270985736e+00,0.000000000000000000e+00,0.000000000000000000e+00
-1.701743561620811418e+00,1.120704032311537812e+00,0.000000000000000000e+00,0.000000000000000000e+00
-1.701541743671378670e+00,1.121185043527463732e+00,0.000000000000000000e+00,0.000000000000000000e+00
-1.701454354389791090e+00,1.121224730292256888e+00,0.000000000000000000e+00,0.000000000000000000e+00
-1.701454354389791090e+00,1.121224730292256888e+00,0.000000000000000000e+00,0.000000000000000000e+00
-1.701454354389791090e+00,1.121224730292256888e+00,0.000000000000000000e+00,0.000000000000000000e+00
-1.701454354389791090e+00,1.121224730292256888e+00,0.000000000000000000e+00,0.000000000000000000e+00
-1.701454354389791090e+00,1.121224730292256888e+00,0.000000000000000000e+00,0.000000000000000000e+00
-1.701454354389791090e+00,1.121224730292256888e+00,0.000000000000000000e+00,0.000000000000000000e+00
-1.701454354389791090e+00,1.121224730292256888e+00,0.000000000000000000e+00,0.000000000000000000e+00
-1.701454354389791090e+00,1.121224730292256888e+00,0.000000000000000000e+00,0.000000000000000000e+00
-1.701454354389791090e+00,1.121224730292256888e+00,0.000000000000000000e+00,0.000000000000000000e+00
-1.701454354389791090e+00,1.121224730292256888e+00,0.000000000000000000e+00,0.000000000000000000e+00
-1.701454354389791090e+00,1.121224730292256888e+00,0.000000000000000000e+00,0.000000000000000000e+00
-1.701454354389791090e+00,1.121224730292256888e+00,0.000000000000000000e+00,0.000000000000000000e+00
-1.701454354389791090e+00,1.121224730292256888e+00,0.000000000000000000e+00,0.000000000000000000e+00
-1.701454354389791090e+00,1.121224730292256888e+00,0.000000000000000000e+00,0.000000000000000000e+00
-1.701454354389791090e+00,1.121224730292256888e+00,0.000000000000000000e+00,0.000000000000000000e+00
-1.701454354389791090e+00,1.121224730292256888e+00,0.000000000000000000e+00,0.000000000000000000e+00
-1.701454354389791090e+00,1.121224730292256888e+00,0.000000000000000000e+00,0.000000000000000000e+00
-1.701454354389791090e+00,1.121224730292256888e+00,0.000000000000000000e+00,0.000000000000000000e+00
-1.701454354389791090e+00,1.121224730292256888e+00,0.000000000000000000e+00,0.000000000000000000e+00
-1.701454354389791090e+00,1.121224730292256888e+00,0.000000000000000000e+00,0.000000000000000000e+00
-1.701454354389791090e+00,1.121224730292256888e+00,0.000000000000000000e+00,0.000000000000000000e+00
-1.701454354389791090e+00,1.121224730292256888e+00,0.000000000000000000e+00,0.000000000000000000e+00
-1.701454354389791090e+00,1.121224730292256888e+00,0.000000000000000000e+00,0.000000000000000000e+00
-1.701454354389791090e+00,1.121224730292256888e+00,0.000000000000000000e+00,0.000000000000000000e+00
-1.701454354389791090e+00,1.121224730292256888e+00,0.000000000000000000e+00,0.000000000000000000e+00
-1.701454354389791090e+00,1.121224730292256888e+00,0.000000000000000000e+00,0.000000000000000000e+00
-1.701454354389791090e+00,1.121224730292256888e+00,0.000000000000000000e+00,0.000000000000000000e+00
-1.701454354389791090e+00,1.121224730292256888e+00,0.000000000000000000e+00,0.000000000000000000e+00
-1.701454354389791090e+00,1.121224730292256888e+00,0.000000000000000000e+00,0.000000000000000000e+00
-1.701454354389791090e+00,1.121224730292256888e+00,0.000000000000000000e+00,0.000000000000000000e+00
-1.701454354389791090e+00,1.121224730292256888e+00,0.000000000000000000e+00,0.000000000000000000e+00
-1.701454354389791090e+00,1.121224730292256888e+00,0.000000000000000000e+00,0.000000000000000000e+00
-1.701454354389791090e+00,1.121224730292256888e+00,0.000000000000000000e+00,0.000000000000000000e+00
-1.701454354389791090e+00,1.121224730292256888e+00,0.000000000000000000e+00,0.000000000000000000e+00
-1.701454354389791090e+00,1.121224730292256888e+00,0.000000000000000000e+00,0.000000000000000000e+00
-1.701454354389791090e+00,1.121224730292256888e+00,0.000000000000000000e+00,0.000000000000000000e+00
-1.701454354389791090e+00,1.121224730292256888e+00,0.000000000000000000e+00,0.000000000000000000e+00
-1.701454354389791090e+00,1.121224730292256888e+00,0.000000000000000000e+00,0.000000000000000000e+00
-1.701454354389791090e+00,1.121224730292256888e+00,0.000000000000000000e+00,0.000000000000000000e+00
-1.701454354389791090e+00,1.121224730292256888e+00,0.000000000000000000e+00,0.000000000000000000e+00
-1.701454354389791090e+00,1.121224730292256888e+00,0.000000000000000000e+00,0.000000000000000000e+00
-1.701454354389791090e+00,1.121224730292256888e+00,0.000000000000000000e+00,0.000000000000000000e+00
-1.701454354389791090e+00,1.121224730292256888e+00,0.000000000000000000e+00,0.000000000000000000e+00
-1.701454354389791090e+00,1.121224730292256888e+00,0.000000000000000000e+00,0.000000000000000000e+00
-1.701454354389791090e+00,1.121224730292256888e+00,0.000000000000000000e+00,0.000000000000000000e+00
-1.701454354389791090e+00,1.121224730292256888e+00,0.000000000000000000e+00,0.000000000000000000e+00
-1.701454354389791090e+00,1.121224730292256888e+00,0.000000000000000000e+00,0.000000000000000000e+00
-1.701454354389791090e+00,1.121224730292256888e+00,0.000000000000000000e+00,0.000000000000000000e+00
-1.701454354389791090e+00,1.121224730292256888e+00,0.000000000000000000e+00,0.000000000000000000e+00
-1.701454354389791090e+00,1.121224730292256888e+00,0.000000000000000000e+00,0.000000000000000000e+00
-1.701454354389791090e+00,1.121224730292256888e+00,0.000000000000000000e+00,0.000000000000000000e+00
-1.701454354389791090e+00,1.121224730292256888e+00,0.000000000000000000e+00,0.000000000000000000e+00
-1.701454354389791090e+00,1.121224730292256888e+00,0.000000000000000000e+00,0.000000000000000000e+00
-1.701454354389791090e+00,1.121224730292256888e+00,0.000000000000000000e+00,0.000000000000000000e+00
-1.701454354389791090e+00,1.121224730292256888e+00,0.000000000000000000e+00,0.000000000000000000e+00
-1.701454354389791090e+00,1.121224730292256888e+00,0.000000000000000000e+00,0.000000000000000000e+00
-1.701454354389791090e+00,1.121224730292256888e+00,0.000000000000000000e+00,0.000000000000000000e+00
-1.701454354389791090e+00,1.121224730292256888e+00,0.000000000000000000e+00,0.000000000000000000e+00
-1.701454354389791090e+00,1.121224730292256888e+00,0.000000000000000000e+00,0.000000000000000000e+00
-1.701396536253258818e+00,1.121293410005222313e+00,0.000000000000000000e+00,0.000000000000000000e+00
-1.701485459647387177e+00,1.121292893783834010e+00,0.000000000000000000e+00,0.000000000000000000e+00
-1.701485459647387177e+00,1.121292893783834010e+00,0.000000000000000000e+00,0.000000000000000000e+00
-1.701485459647387177e+00,1.121292893783834010e+00,0.000000000000000000e+00,0.000000000000000000e+00
-1.701485459647387177e+00,1.121292893783834010e+00,0.000000000000000000e+00,0.000000000000000000e+00
-1.701485459647387177e+00,1.121292893783834010e+00,0.000000000000000000e+00,0.000000000000000000e+00
-1.701485459647387177e+00,1.121292893783834010e+00,0.000000000000000000e+00,0.000000000000000000e+00
-1.701485459647387177e+00,1.121292893783834010e+00,0.000000000000000000e+00,0.000000000000000000e+00
-1.701485459647387177e+00,1.121292893783834010e+00,0.000000000000000000e+00,0.000000000000000000e+00
-1.701485459647387177e+00,1.121292893783834010e+00,0.000000000000000000e+00,0.000000000000000000e+00
-1.701485459647387177e+00,1.121292893783834010e+00,0.000000000000000000e+00,0.000000000000000000e+00
-1.701485459647387177e+00,1.121292893783834010e+00,0.000000000000000000e+00,0.000000000000000000e+00
-1.701485459647387177e+00,1.121292893783834010e+00,0.000000000000000000e+00,0.000000000000000000e+00
-1.701485459647387177e+00,1.121292893783834010e+00,0.000000000000000000e+00,0.000000000000000000e+00
-1.701485459647387177e+00,1.121292893783834010e+00,0.000000000000000000e+00,0.000000000000000000e+00
-1.701485459647387177e+00,1.121292893783834010e+00,0.000000000000000000e+00,0.000000000000000000e+00
-1.701485459647387177e+00,1.121292893783834010e+00,0.000000000000000000e+00,0.000000000000000000e+00
-1.701485459647387177e+00,1.121292893783834010e+00,0.000000000000000000e+00,0.000000000000000000e+00
-1.701485459647387177e+00,1.121292893783834010e+00,0.000000000000000000e+00,0.000000000000000000e+00
-1.709371791216407477e+00,1.110692021006332242e+00,0.000000000000000000e+00,0.000000000000000000e+00
-1.709294029110823621e+00,1.110321772816054597e+00,0.000000000000000000e+00,0.000000000000000000e+00
-1.709294029110823621e+00,1.110321772816054597e+00,0.000000000000000000e+00,0.000000000000000000e+00
-1.709294029110823621e+00,1.110321772816054597e+00,0.000000000000000000e+00,0.000000000000000000e+00
-1.709294029110823621e+00,1.110321772816054597e+00,0.000000000000000000e+00,0.000000000000000000e+00
-1.709294029110823621e+00,1.110321772816054597e+00,0.000000000000000000e+00,0.000000000000000000e+00
-1.709294029110823621e+00,1.110321772816054597e+00,0.000000000000000000e+00,0.000000000000000000e+00
-1.709294029110823621e+00,1.110321772816054597e+00,0.000000000000000000e+00,0.000000000000000000e+00
-2.465988791258253876e+00,8.259085941681396648e-01,0.000000000000000000e+00,0.000000000000000000e+00
-2.476056337624552128e+00,8.252536086165449536e-01,0.000000000000000000e+00,0.000000000000000000e+00
-2.480457381436438347e+00,8.307928579484731291e-01,0.000000000000000000e+00,0.000000000000000000e+00
-2.481095532194466546e+00,8.315012665904368827e-01,0.000000000000000000e+00,0.000000000000000000e+00
-2.985047019049583472e+00,8.247389599755647893e-01,0.000000000000000000e+00,0.000000000000000000e+00
-2.987870716102865920e+00,8.269060665879177652e-01,0.000000000000000000e+00,0.000000000000000000e+00
-3.059663148291807744e+00,8.344351475034504917e-01,0.000000000000000000e+00,0.000000000000000000e+00
-3.298406278213921627e+00,9.215963897998500354e-01,0.000000000000000000e+00,0.000000000000000000e+00
-3.398044192340630154e+00,9.138871649753612658e-01,0.000000000000000000e+00,0.000000000000000000e+00
-3.547089370477937376e+00,9.613109357668062627e-01,0.000000000000000000e+00,0.000000000000000000e+00
-3.664140384600882427e+00,1.007363752465938012e+00,0.000000000000000000e+00,0.000000000000000000e+00
-3.660512005593901552e+00,1.009608418226338289e+00,0.000000000000000000e+00,0.000000000000000000e+00
-3.757240140238978121e+00,1.044160423384943082e+00,0.000000000000000000e+00,0.000000000000000000e+00
-3.875268052071084934e+00,1.149485929851551180e+00,0.000000000000000000e+00,0.000000000000000000e+00
-3.887863026144348311e+00,1.181859069146439456e+00,0.000000000000000000e+00,0.000000000000000000e+00
-3.884460757698048550e+00,1.183082138947808781e+00,0.000000000000000000e+00,0.000000000000000000e+00
-3.884460757698048994e+00,1.183082138947808781e+00,0.000000000000000000e+00,0.000000000000000000e+00
-3.884460757698048550e+00,1.183082138947808781e+00,0.000000000000000000e+00,0.000000000000000000e+00
-3.884460757698048994e+00,1.183082138947808781e+00,0.000000000000000000e+00,0.000000000000000000e+00
-3.884460757698048550e+00,1.183082138947808781e+00,0.000000000000000000e+00,0.000000000000000000e+00
-3.884460757698048994e+00,1.183082138947808781e+00,0.000000000000000000e+00,0.000000000000000000e+00
-3.884460757698048550e+00,1.183082138947808781e+00,0.000000000000000000e+00,0.000000000000000000e+00
-3.884460757698048994e+00,1.183082138947808781e+00,0.000000000000000000e+00,0.000000000000000000e+00
-3.884460757698048550e+00,1.183082138947808781e+00,0.000000000000000000e+00,0.000000000000000000e+00
-3.884460757698048994e+00,1.183082138947808781e+00,0.000000000000000000e+00,0.000000000000000000e+00
-3.884460757698048550e+00,1.183082138947808781e+00,0.000000000000000000e+00,0.000000000000000000e+00
-3.884460757698048994e+00,1.183082138947808781e+00,0.000000000000000000e+00,0.000000000000000000e+00
-3.884460757698048550e+00,1.183082138947808781e+00,0.000000000000000000e+00,0.000000000000000000e+00
-3.884460757698048994e+00,1.183082138947808781e+00,0.000000000000000000e+00,0.000000000000000000e+00
-3.884460757698048550e+00,1.183082138947808781e+00,0.000000000000000000e+00,0.000000000000000000e+00
-3.884460757698048994e+00,1.183082138947808781e+00,0.000000000000000000e+00,0.000000000000000000e+00
-3.884460757698048550e+00,1.183082138947808781e+00,0.000000000000000000e+00,0.000000000000000000e+00
-3.884460757698048994e+00,1.183082138947808781e+00,0.000000000000000000e+00,0.000000000000000000e+00
-3.884460757698048550e+00,1.183082138947808781e+00,0.000000000000000000e+00,0.000000000000000000e+00
-3.884460757698048994e+00,1.183082138947808781e+00,0.000000000000000000e+00,0.000000000000000000e+00
-3.884460757698048550e+00,1.183082138947808781e+00,0.000000000000000000e+00,0.000000000000000000e+00
-3.884460757698048994e+00,1.183082138947808781e+00,0.000000000000000000e+00,0.000000000000000000e+00
-3.884460757698048550e+00,1.183082138947808781e+00,0.000000000000000000e+00,0.000000000000000000e+00
-3.884460757698048994e+00,1.183082138947808781e+00,0.000000000000000000e+00,0.000000000000000000e+00
-3.884502749700921687e+00,1.183129164784397780e+00,0.000000000000000000e+00,0.000000000000000000e+00
-3.884460757698048106e+00,1.183082138947808781e+00,0.000000000000000000e+00,0.000000000000000000e+00
-3.884460757698048550e+00,1.183082138947808781e+00,0.000000000000000000e+00,0.000000000000000000e+00
-3.884460757698048994e+00,1.183082138947808781e+00,0.000000000000000000e+00,0.000000000000000000e+00
-3.884460757698048550e+00,1.183082138947808781e+00,0.000000000000000000e+00,0.000000000000000000e+00
-3.884460757698048994e+00,1.183082138947808781e+00,0.000000000000000000e+00,0.000000000000000000e+00
-3.884502749700921687e+00,1.183129164784397780e+00,0.000000000000000000e+00,0.000000000000000000e+00
-3.884502749700922131e+00,1.183129164784397780e+00,0.000000000000000000e+00,0.000000000000000000e+00
-3.884460757698048550e+00,1.183082138947808781e+00,0.000000000000000000e+00,0.000000000000000000e+00
-3.883562853349255661e+00,1.182352595111360261e+00,0.000000000000000000e+00,0.000000000000000000e+00
-3.881881130893886311e+00,1.181106823228857516e+00,0.000000000000000000e+00,0.000000000000000000e+00
-3.881399114058859290e+00,1.180846398410038134e+00,0.000000000000000000e+00,0.000000000000000000e+00
-3.881399114058858846e+00,1.180846398410038134e+00,0.000000000000000000e+00,0.000000000000000000e+00
-3.881399114058859290e+00,1.180846398410038134e+00,0.000000000000000000e+00,0.000000000000000000e+00
-3.881399114058858846e+00,1.180846398410038134e+00,0.000000000000000000e+00,0.000000000000000000e+00
-3.881399114058859290e+00,1.180846398410038134e+00,0.000000000000000000e+00,0.000000000000000000e+00
-3.881399114058858846e+00,1.180846398410038134e+00,0.000000000000000000e+00,0.000000000000000000e+00
-3.881399114058859290e+00,1.180846398410038134e+00,0.000000000000000000e+00,0.000000000000000000e+00
-3.881399114058858846e+00,1.180846398410038134e+00,0.000000000000000000e+00,0.000000000000000000e+00
-3.881399114058859290e+00,1.180846398410038134e+00,0.000000000000000000e+00,0.000000000000000000e+00
-3.881399114058858846e+00,1.180846398410038134e+00,0.000000000000000000e+00,0.000000000000000000e+00
-3.881399114058859290e+00,1.180846398410038134e+00,0.000000000000000000e+00,0.000000000000000000e+00
-3.881399114058858846e+00,1.180846398410038134e+00,0.000000000000000000e+00,0.000000000000000000e+00
-3.881399114058859290e+00,1.180846398410038134e+00,0.000000000000000000e+00,0.000000000000000000e+00
-3.881696798169171903e+00,1.181423268081150724e+00,0.000000000000000000e+00,0.000000000000000000e+00
-3.881737407988668842e+00,1.181470845274271486e+00,0.000000000000000000e+00,0.000000000000000000e+00
-3.881737407988668398e+00,1.181470845274271486e+00,0.000000000000000000e+00,0.000000000000000000e+00
-3.881931181528678998e+00,1.181883732383589569e+00,0.000000000000000000e+00,0.000000000000000000e+00
-3.881931181528678554e+00,1.181883732383589569e+00,0.000000000000000000e+00,0.000000000000000000e+00
-3.881931181528678998e+00,1.181883732383589569e+00,0.000000000000000000e+00,0.000000000000000000e+00
-3.881931181528678554e+00,1.181883732383589569e+00,0.000000000000000000e+00,0.000000000000000000e+00
-3.881931181528678998e+00,1.181883732383589569e+00,0.000000000000000000e+00,0.000000000000000000e+00
-3.881931181528678554e+00,1.181883732383589569e+00,0.000000000000000000e+00,0.000000000000000000e+00
-3.881931181528678998e+00,1.181883732383589569e+00,0.000000000000000000e+00,0.000000000000000000e+00
-3.881931181528678554e+00,1.181883732383589569e+00,0.000000000000000000e+00,0.000000000000000000e+00
-3.881931181528678998e+00,1.181883732383589569e+00,0.000000000000000000e+00,0.000000000000000000e+00
-3.881931181528678554e+00,1.181883732383589569e+00,0.000000000000000000e+00,0.000000000000000000e+00
-3.881931181528678998e+00,1.181883732383589569e+00,0.000000000000000000e+00,0.000000000000000000e+00
-3.881931181528678554e+00,1.181883732383589569e+00,0.000000000000000000e+00,0.000000000000000000e+00
-3.881931181528678998e+00,1.181883732383589569e+00,0.000000000000000000e+00,0.000000000000000000e+00
-3.881931181528678554e+00,1.181883732383589569e+00,0.000000000000000000e+00,0.000000000000000000e+00
-3.881931181528678998e+00,1.181883732383589569e+00,0.000000000000000000e+00,0.000000000000000000e+00
-3.881931181528678554e+00,1.181883732383589569e+00,0.000000000000000000e+00,0.000000000000000000e+00
-3.881931181528678998e+00,1.181883732383589569e+00,0.000000000000000000e+00,0.000000000000000000e+00
-3.881931181528678554e+00,1.181883732383589569e+00,0.000000000000000000e+00,0.000000000000000000e+00
-3.881931181528678998e+00,1.181883732383589569e+00,0.000000000000000000e+00,0.000000000000000000e+00
-3.881931181528678554e+00,1.181883732383589569e+00,0.000000000000000000e+00,0.000000000000000000e+00
-3.881931181528678998e+00,1.181883732383589569e+00,0.000000000000000000e+00,0.000000000000000000e+00
-3.881931181528678554e+00,1.181883732383589569e+00,0.000000000000000000e+00,0.000000000000000000e+00
-3.881931181528678998e+00,1.181883732383589569e+00,0.000000000000000000e+00,0.000000000000000000e+00
-3.881931181528678554e+00,1.181883732383589569e+00,0.000000000000000000e+00,0.000000000000000000e+00
-3.881931181528678998e+00,1.181883732383589569e+00,0.000000000000000000e+00,0.000000000000000000e+00
-3.881931181528678554e+00,1.181883732383589569e+00,0.000000000000000000e+00,0.000000000000000000e+00
-3.881931181528678998e+00,1.181883732383589569e+00,0.000000000000000000e+00,0.000000000000000000e+00
-3.881931181528678554e+00,1.181883732383589569e+00,0.000000000000000000e+00,0.000000000000000000e+00
-3.881931181528678998e+00,1.181883732383589569e+00,0.000000000000000000e+00,0.000000000000000000e+00
-3.881931181528678554e+00,1.181883732383589569e+00,0.000000000000000000e+00,0.000000000000000000e+00
-3.881931181528678998e+00,1.181883732383589569e+00,0.000000000000000000e+00,0.000000000000000000e+00
-3.881931181528678554e+00,1.181883732383589569e+00,0.000000000000000000e+00,0.000000000000000000e+00
-3.881931181528678998e+00,1.181883732383589569e+00,0.000000000000000000e+00,0.000000000000000000e+00
-3.881931181528678554e+00,1.181883732383589569e+00,0.000000000000000000e+00,0.000000000000000000e+00
-3.881931181528678998e+00,1.181883732383589569e+00,0.000000000000000000e+00,0.000000000000000000e+00
-3.881931181528678554e+00,1.181883732383589569e+00,0.000000000000000000e+00,0.000000000000000000e+00
-3.881931181528678998e+00,1.181883732383589569e+00,0.000000000000000000e+00,0.000000000000000000e+00
-3.881931181528678554e+00,1.181883732383589569e+00,0.000000000000000000e+00,0.000000000000000000e+00
-3.881931181528678998e+00,1.181883732383589569e+00,0.000000000000000000e+00,0.000000000000000000e+00
-3.881931181528678554e+00,1.181883732383589569e+00,0.000000000000000000e+00,0.000000000000000000e+00
-3.881931181528678998e+00,1.181883732383589569e+00,0.000000000000000000e+00,0.000000000000000000e+00
-3.881931181528678554e+00,1.181883732383589569e+00,0.000000000000000000e+00,0.000000000000000000e+00
-3.881931181528678998e+00,1.181883732383589569e+00,0.000000000000000000e+00,0.000000000000000000e+00
-3.881931181528678554e+00,1.181883732383589569e+00,0.000000000000000000e+00,0.000000000000000000e+00
-3.881931181528678998e+00,1.181883732383589569e+00,0.000000000000000000e+00,0.000000000000000000e+00
-3.881931181528678554e+00,1.181883732383589569e+00,0.000000000000000000e+00,0.000000000000000000e+00
-3.881931181528678998e+00,1.181883732383589569e+00,0.000000000000000000e+00,0.000000000000000000e+00
-3.881931181528678554e+00,1.181883732383589569e+00,0.000000000000000000e+00,0.000000000000000000e+00
-3.881931181528678998e+00,1.181883732383589569e+00,0.000000000000000000e+00,0.000000000000000000e+00
-3.881931181528678554e+00,1.181883732383589569e+00,0.000000000000000000e+00,0.000000000000000000e+00
-3.881931181528678998e+00,1.181883732383589569e+00,0.000000000000000000e+00,0.000000000000000000e+00
-3.881931181528678554e+00,1.181883732383589569e+00,0.000000000000000000e+00,0.000000000000000000e+00
-3.881931181528678998e+00,1.181883732383589569e+00,0.000000000000000000e+00,0.000000000000000000e+00
-3.881931181528678554e+00,1.181883732383589569e+00,0.000000000000000000e+00,0.000000000000000000e+00
-3.881931181528678998e+00,1.181883732383589569e+00,0.000000000000000000e+00,0.000000000000000000e+00
-3.881931181528678554e+00,1.181883732383589569e+00,0.000000000000000000e+00,0.000000000000000000e+00
-3.881931181528678998e+00,1.181883732383589569e+00,0.000000000000000000e+00,0.000000000000000000e+00
-3.881931181528678554e+00,1.181883732383589569e+00,0.000000000000000000e+00,0.000000000000000000e+00
-3.881931181528678998e+00,1.181883732383589569e+00,0.000000000000000000e+00,0.000000000000000000e+00
-3.881824237648423992e+00,1.181774593297838738e+00,0.000000000000000000e+00,0.000000000000000000e+00
-3.881824237648424436e+00,1.181774593297838738e+00,0.000000000000000000e+00,0.000000000000000000e+00
-3.881332027626784420e+00,1.181169754411935280e+00,0.000000000000000000e+00,0.000000000000000000e+00
-3.880905021755649997e+00,1.180688557703905683e+00,0.000000000000000000e+00,0.000000000000000000e+00
-3.880199522213874541e+00,1.180436205987438258e+00,0.000000000000000000e+00,0.000000000000000000e+00
-3.879370845077326990e+00,1.179534718375229829e+00,0.000000000000000000e+00,0.000000000000000000e+00
-3.879316784332732748e+00,1.179386969254488049e+00,0.000000000000000000e+00,0.000000000000000000e+00
-3.879316784332733192e+00,1.179386969254488049e+00,0.000000000000000000e+00,0.000000000000000000e+00
-3.879316784332732748e+00,1.179386969254488049e+00,0.000000000000000000e+00,0.000000000000000000e+00
-3.879317736421898033e+00,1.179573842815688556e+00,0.000000000000000000e+00,0.000000000000000000e+00
-3.879271873482240007e+00,1.179582991081417287e+00,0.000000000000000000e+00,0.000000000000000000e+00
-3.879075174614184718e+00,1.179224691233131228e+00,0.000000000000000000e+00,0.000000000000000000e+00
-3.879075174614184274e+00,1.179224691233131228e+00,0.000000000000000000e+00,0.000000000000000000e+00
-3.879075174614184718e+00,1.179224691233131228e+00,0.000000000000000000e+00,0.000000000000000000e+00
-3.879075174614184274e+00,1.179224691233131228e+00,0.000000000000000000e+00,0.000000000000000000e+00
-3.879075174614184718e+00,1.179224691233131228e+00,0.000000000000000000e+00,0.000000000000000000e+00
-3.879877526887862249e+00,1.178395069182305965e+00,0.000000000000000000e+00,0.000000000000000000e+00
-3.880137797668218091e+00,1.177907369321813391e+00,0.000000000000000000e+00,0.000000000000000000e+00
-3.888279655917906918e+00,1.170117234900222236e+00,0.000000000000000000e+00,0.000000000000000000e+00
-3.908515564768425321e+00,1.147187315985087608e+00,0.000000000000000000e+00,0.000000000000000000e+00
-3.920090438023527302e+00,1.133185383683688263e+00,0.000000000000000000e+00,0.000000000000000000e+00
-4.041057846761682448e+00,1.083945096803578423e+00,0.000000000000000000e+00,0.000000000000000000e+00
-4.141777432702543393e+00,1.030994216354835569e+00,0.000000000000000000e+00,0.000000000000000000e+00
-4.237336659503504244e+00,9.118846550170991438e-01,0.000000000000000000e+00,0.000000000000000000e+00
-4.653990466327294406e+00,9.519864682288528002e-01,0.000000000000000000e+00,0.000000000000000000e+00
-4.654407915943734153e+00,9.519085532552791218e-01,0.000000000000000000e+00,0.000000000000000000e+00
-4.911566482668263234e+00,1.159727190225501747e+00,0.000000000000000000e+00,0.000000000000000000e+00
-4.913508245214926795e+00,1.161126469193214827e+00,0.000000000000000000e+00,0.000000000000000000e+00
-4.972161877660680851e+00,1.249662656607496647e+00,0.000000000000000000e+00,0.000000000000000000e+00
-4.984286592904904722e+00,1.260971667830596887e+00,0.000000000000000000e+00,0.000000000000000000e+00
-4.984257662819285173e+00,1.262970760908028289e+00,0.000000000000000000e+00,0.000000000000000000e+00
-4.984184844183880969e+00,1.263240596291372642e+00,0.000000000000000000e+00,0.000000000000000000e+00
-4.984399026324179971e+00,1.263222944836521755e+00,0.000000000000000000e+00,0.000000000000000000e+00
-4.984385574829836685e+00,1.263191737428619899e+00,0.000000000000000000e+00,0.000000000000000000e+00
-4.984690881768637283e+00,1.264483904366050959e+00,0.000000000000000000e+00,0.000000000000000000e+00
-4.984816637801764649e+00,1.264881031704159886e+00,0.000000000000000000e+00,0.000000000000000000e+00
-4.986454714777623920e+00,1.265568759625428807e+00,0.000000000000000000e+00,0.000000000000000000e+00
-4.986454714777623920e+00,1.265568759625428807e+00,0.000000000000000000e+00,0.000000000000000000e+00
-5.008736473386347754e+00,1.246714219637637289e+00,0.000000000000000000e+00,0.000000000000000000e+00
-5.008574666603323067e+00,1.246582263777230137e+00,0.000000000000000000e+00,0.000000000000000000e+00
-5.008603749217615864e+00,1.246657970890455713e+00,0.000000000000000000e+00,0.000000000000000000e+00
-5.008603749217615864e+00,1.246657970890455713e+00,0.000000000000000000e+00,0.000000000000000000e+00
-5.034501031646253288e+00,1.224344696918060471e+00,0.000000000000000000e+00,0.000000000000000000e+00
-5.034532727198552493e+00,1.224628155074199087e+00,0.000000000000000000e+00,0.000000000000000000e+00
-5.034532727198552493e+00,1.224628155074199087e+00,0.000000000000000000e+00,0.000000000000000000e+00
-5.034597921609119453e+00,1.224697323199682497e+00,0.000000000000000000e+00,0.000000000000000000e+00
-5.034547041572849935e+00,1.224754532181036026e+00,0.000000000000000000e+00,0.000000000000000000e+00
-5.034547041572849935e+00,1.224754532181036026e+00,0.000000000000000000e+00,0.000000000000000000e+00
-5.034547041572849935e+00,1.224754532181036026e+00,0.000000000000000000e+00,0.000000000000000000e+00
-5.034574056098509942e+00,1.224829639487927890e+00,0.000000000000000000e+00,0.000000000000000000e+00
-5.034538476274712515e+00,1.224836196971390123e+00,0.000000000000000000e+00,0.000000000000000000e+00
-5.034368292924476407e+00,1.225465981215789535e+00,0.000000000000000000e+00,0.000000000000000000e+00
-5.034390710918869694e+00,1.225334680480062666e+00,0.000000000000000000e+00,0.000000000000000000e+00
-5.034255352292989372e+00,1.225661102310281025e+00,0.000000000000000000e+00,0.000000000000000000e+00
-5.034161924190259541e+00,1.226101284632187038e+00,0.000000000000000000e+00,0.000000000000000000e+00
-5.034161924190259541e+00,1.226101284632187038e+00,0.000000000000000000e+00,0.000000000000000000e+00
-5.034161924190259541e+00,1.226101284632187038e+00,0.000000000000000000e+00,0.000000000000000000e+00
-5.034161924190259541e+00,1.226101284632187038e+00,0.000000000000000000e+00,0.000000000000000000e+00
-5.034161924190259541e+00,1.226101284632187038e+00,0.000000000000000000e+00,0.000000000000000000e+00
-5.034161924190259541e+00,1.226101284632187038e+00,0.000000000000000000e+00,0.000000000000000000e+00
-5.034161924190259541e+00,1.226101284632187038e+00,0.000000000000000000e+00,0.000000000000000000e+00
-5.034161924190259541e+00,1.226101284632187038e+00,0.000000000000000000e+00,0.000000000000000000e+00
-5.034161924190259541e+00,1.226101284632187038e+00,0.000000000000000000e+00,0.000000000000000000e+00
-5.034161924190259541e+00,1.226101284632187038e+00,0.000000000000000000e+00,0.000000000000000000e+00
-5.034242094456636174e+00,1.226209796496660287e+00,0.000000000000000000e+00,0.000000000000000000e+00
-5.034390607851863209e+00,1.226596842188801162e+00,0.000000000000000000e+00,0.000000000000000000e+00
-5.034516555466302279e+00,1.226438615919077213e+00,0.000000000000000000e+00,0.000000000000000000e+00
-5.034540970132297844e+00,1.226982850614879217e+00,0.000000000000000000e+00,0.000000000000000000e+00
-5.034887660441664359e+00,1.227025101243252259e+00,0.000000000000000000e+00,0.000000000000000000e+00
-5.034895905680702555e+00,1.227530230595843763e+00,0.000000000000000000e+00,0.000000000000000000e+00
-5.034972701598200651e+00,1.227549105059746015e+00,0.000000000000000000e+00,0.000000000000000000e+00
-5.038997908862635988e+00,1.228649034365101977e+00,0.000000000000000000e+00,0.000000000000000000e+00
-5.049095251362121672e+00,1.230496861292425859e+00,0.000000000000000000e+00,0.000000000000000000e+00
-5.118965757795629123e+00,1.204801874815226714e+00,0.000000000000000000e+00,0.000000000000000000e+00
-5.152588874406805353e+00,1.217233129273389336e+00,0.000000000000000000e+00,0.000000000000000000e+00
-5.282939638699257756e+00,1.223000603849170087e+00,0.000000000000000000e+00,0.000000000000000000e+00
-5.294293828951389003e+00,1.230188018949729400e+00,0.000000000000000000e+00,0.000000000000000000e+00
-5.413616904679919628e+00,1.234069602970528701e+00,0.000000000000000000e+00,0.000000000000000000e+00
-5.418428301365857180e+00,1.238977923979438511e+00,0.000000000000000000e+00,0.000000000000000000e+00
-5.418428301365857180e+00,1.238977923979438511e+00,0.000000000000000000e+00,0.000000000000000000e+00
-5.418428301365857180e+00,1.238977923979438511e+00,0.000000000000000000e+00,0.000000000000000000e+00
-5.418428301365857180e+00,1.238977923979438511e+00,0.000000000000000000e+00,0.000000000000000000e+00
-5.418428301365857180e+00,1.238977923979438511e+00,0.000000000000000000e+00,0.000000000000000000e+00
-5.418428301365857180e+00,1.238977923979438511e+00,0.000000000000000000e+00,0.000000000000000000e+00
-5.418428301365857180e+00,1.238977923979438511e+00,0.000000000000000000e+00,0.000000000000000000e+00
-5.419551984073089024e+00,1.238089641177720690e+00,0.000000000000000000e+00,0.000000000000000000e+00
-5.421261457972642361e+00,1.237180985923673315e+00,0.000000000000000000e+00,0.000000000000000000e+00
-5.422029142700773185e+00,1.236473375600263935e+00,0.000000000000000000e+00,0.000000000000000000e+00
-5.422629106892511430e+00,1.236433757028646108e+00,0.000000000000000000e+00,0.000000000000000000e+00
-5.422729279615628784e+00,1.236623270143651032e+00,0.000000000000000000e+00,0.000000000000000000e+00
-5.422642971107869414e+00,1.236354561505571770e+00,0.000000000000000000e+00,0.000000000000000000e+00
-5.422536560864675614e+00,1.236462252958045793e+00,0.000000000000000000e+00,0.000000000000000000e+00
-5.423747151464372251e+00,1.235180793374388131e+00,0.000000000000000000e+00,0.000000000000000000e+00
-5.423599772877474301e+00,1.234990247519251128e+00,0.000000000000000000e+00,0.000000000000000000e+00
-5.423610819107123504e+00,1.234815776637236961e+00,0.000000000000000000e+00,0.000000000000000000e+00
-5.423550107368745543e+00,1.234895096402496506e+00,0.000000000000000000e+00,0.000000000000000000e+00
-5.423515548451032231e+00,1.234783302233588564e+00,0.000000000000000000e+00,0.000000000000000000e+00
-5.423464058582796454e+00,1.234688908387520767e+00,0.000000000000000000e+00,0.000000000000000000e+00
-5.423369697279726509e+00,1.234653147653589134e+00,0.000000000000000000e+00,0.000000000000000000e+00
-5.423326014634338499e+00,1.234261340163787857e+00,0.000000000000000000e+00,0.000000000000000000e+00
-5.423432537312661061e+00,1.234153633281891871e+00,0.000000000000000000e+00,0.000000000000000000e+00
-5.423385050080738345e+00,1.234122705288715816e+00,0.000000000000000000e+00,0.000000000000000000e+00
-5.423385050080738345e+00,1.234122705288715816e+00,0.000000000000000000e+00,0.000000000000000000e+00
-5.423385050080738345e+00,1.234122705288715816e+00,0.000000000000000000e+00,0.000000000000000000e+00
-5.423385050080738345e+00,1.234122705288715816e+00,0.000000000000000000e+00,0.000000000000000000e+00
-5.423385050080738345e+00,1.234122705288715816e+00,0.000000000000000000e+00,0.000000000000000000e+00
-5.423385050080738345e+00,1.234122705288715816e+00,0.000000000000000000e+00,0.000000000000000000e+00
-5.423385050080738345e+00,1.234122705288715816e+00,0.000000000000000000e+00,0.000000000000000000e+00
-5.423385050080738345e+00,1.234122705288715816e+00,0.000000000000000000e+00,0.000000000000000000e+00
-5.423385050080738345e+00,1.234122705288715816e+00,0.000000000000000000e+00,0.000000000000000000e+00
-5.423385050080738345e+00,1.234122705288715816e+00,0.000000000000000000e+00,0.000000000000000000e+00
-5.423385050080738345e+00,1.234122705288715816e+00,0.000000000000000000e+00,0.000000000000000000e+00
-5.423385050080738345e+00,1.234122705288715816e+00,0.000000000000000000e+00,0.000000000000000000e+00
-5.423385050080738345e+00,1.234122705288715816e+00,0.000000000000000000e+00,0.000000000000000000e+00
-5.556192955299354530e+00,1.255128931008232307e+00,0.000000000000000000e+00,0.000000000000000000e+00
-5.566653986175741586e+00,1.278039435174698646e+00,0.000000000000000000e+00,0.000000000000000000e+00
-5.566792425160936197e+00,1.278733446488146797e+00,0.000000000000000000e+00,0.000000000000000000e+00
-5.566792425160936197e+00,1.278733446488146797e+00,0.000000000000000000e+00,0.000000000000000000e+00
-5.566792425160936197e+00,1.278733446488146797e+00,0.000000000000000000e+00,0.000000000000000000e+00
-5.566792425160936197e+00,1.278733446488146797e+00,0.000000000000000000e+00,0.000000000000000000e+00
-5.566792425160936197e+00,1.278733446488146797e+00,0.000000000000000000e+00,0.000000000000000000e+00
-5.566792425160936197e+00,1.278733446488146797e+00,0.000000000000000000e+00,0.000000000000000000e+00
-5.566792425160936197e+00,1.278733446488146797e+00,0.000000000000000000e+00,0.000000000000000000e+00
-5.566792425160936197e+00,1.278733446488146797e+00,0.000000000000000000e+00,0.000000000000000000e+00
-5.566792425160936197e+00,1.278733446488146797e+00,0.000000000000000000e+00,0.000000000000000000e+00
-5.566792425160936197e+00,1.278733446488146797e+00,0.000000000000000000e+00,0.000000000000000000e+00
-5.566792425160936197e+00,1.278733446488146797e+00,0.000000000000000000e+00,0.000000000000000000e+00
-5.566792425160936197e+00,1.278733446488146797e+00,0.000000000000000000e+00,0.000000000000000000e+00
-5.566792425160936197e+00,1.278733446488146797e+00,0.000000000000000000e+00,0.000000000000000000e+00
-5.566792425160936197e+00,1.278733446488146797e+00,0.000000000000000000e+00,0.000000000000000000e+00
-5.566792425160936197e+00,1.278733446488146797e+00,0.000000000000000000e+00,0.000000000000000000e+00
-5.566792425160936197e+00,1.278733446488146797e+00,0.000000000000000000e+00,0.000000000000000000e+00
-5.566792425160936197e+00,1.278733446488146797e+00,0.000000000000000000e+00,0.000000000000000000e+00
-5.566792425160936197e+00,1.278733446488146797e+00,0.000000000000000000e+00,0.000000000000000000e+00
-5.566792425160936197e+00,1.278733446488146797e+00,0.000000000000000000e+00,0.000000000000000000e+00
-5.566792425160936197e+00,1.278733446488146797e+00,0.000000000000000000e+00,0.000000000000000000e+00
-5.566792425160936197e+00,1.278733446488146797e+00,0.000000000000000000e+00,0.000000000000000000e+00
-5.566792425160936197e+00,1.278733446488146797e+00,0.000000000000000000e+00,0.000000000000000000e+00
-5.566792425160936197e+00,1.278733446488146797e+00,0.000000000000000000e+00,0.000000000000000000e+00
-5.566792425160936197e+00,1.278733446488146797e+00,0.000000000000000000e+00,0.000000000000000000e+00
-5.566792425160936197e+00,1.278733446488146797e+00,0.000000000000000000e+00,0.000000000000000000e+00
-5.566792425160936197e+00,1.278733446488146797e+00,0.000000000000000000e+00,0.000000000000000000e+00
-5.566792425160936197e+00,1.278733446488146797e+00,0.000000000000000000e+00,0.000000000000000000e+00
-5.566792425160936197e+00,1.278733446488146797e+00,0.000000000000000000e+00,0.000000000000000000e+00
-5.566792425160936197e+00,1.278733446488146797e+00,0.000000000000000000e+00,0.000000000000000000e+00
-5.566792425160936197e+00,1.278733446488146797e+00,0.000000000000000000e+00,0.000000000000000000e+00
-5.566792425160936197e+00,1.278733446488146797e+00,0.000000000000000000e+00,0.000000000000000000e+00
-5.566792425160936197e+00,1.278733446488146797e+00,0.000000000000000000e+00,0.000000000000000000e+00
-5.566792425160936197e+00,1.278733446488146797e+00,0.000000000000000000e+00,0.000000000000000000e+00
-5.566792425160936197e+00,1.278733446488146797e+00,0.000000000000000000e+00,0.000000000000000000e+00
-5.566792425160936197e+00,1.278733446488146797e+00,0.000000000000000000e+00,0.000000000000000000e+00
-5.566792425160936197e+00,1.278733446488146797e+00,0.000000000000000000e+00,0.000000000000000000e+00
-5.566863212244262726e+00,1.278648586670875886e+00,0.000000000000000000e+00,0.000000000000000000e+00
-5.566863212244262726e+00,1.278648586670875886e+00,0.000000000000000000e+00,0.000000000000000000e+00
-5.566863212244262726e+00,1.278648586670875886e+00,0.000000000000000000e+00,0.000000000000000000e+00
-5.566863212244262726e+00,1.278648586670875886e+00,0.000000000000000000e+00,0.000000000000000000e+00
-5.566863212244262726e+00,1.278648586670875886e+00,0.000000000000000000e+00,0.000000000000000000e+00
-5.566863212244262726e+00,1.278648586670875886e+00,0.000000000000000000e+00,0.000000000000000000e+00
-5.566863212244262726e+00,1.278648586670875886e+00,0.000000000000000000e+00,0.000000000000000000e+00
-5.566863212244262726e+00,1.278648586670875886e+00,0.000000000000000000e+00,0.000000000000000000e+00
-5.566863212244262726e+00,1.278648586670875886e+00,0.000000000000000000e+00,0.000000000000000000e+00
-5.566863212244262726e+00,1.278648586670875886e+00,0.000000000000000000e+00,0.000000000000000000e+00
-5.566863212244262726e+00,1.278648586670875886e+00,0.000000000000000000e+00,0.000000000000000000e+00
-5.566863212244262726e+00,1.278648586670875886e+00,0.000000000000000000e+00,0.000000000000000000e+00
-5.566863212244262726e+00,1.278648586670875886e+00,0.000000000000000000e+00,0.000000000000000000e+00
-5.566863212244262726e+00,1.278648586670875886e+00,0.000000000000000000e+00,0.000000000000000000e+00
-5.566863212244262726e+00,1.278648586670875886e+00,0.000000000000000000e+00,0.000000000000000000e+00
-5.566863212244262726e+00,1.278648586670875886e+00,0.000000000000000000e+00,0.000000000000000000e+00
-5.566863212244262726e+00,1.278648586670875886e+00,0.000000000000000000e+00,0.000000000000000000e+00
-5.566863212244262726e+00,1.278648586670875886e+00,0.000000000000000000e+00,0.000000000000000000e+00
-5.566863212244262726e+00,1.278648586670875886e+00,0.000000000000000000e+00,0.000000000000000000e+00
-5.566863212244262726e+00,1.278648586670875886e+00,0.000000000000000000e+00,0.000000000000000000e+00
-5.566863212244262726e+00,1.278648586670875886e+00,0.000000000000000000e+00,0.000000000000000000e+00
-5.566863212244262726e+00,1.278648586670875886e+00,0.000000000000000000e+00,0.000000000000000000e+00
-5.566863212244262726e+00,1.278648586670875886e+00,0.000000000000000000e+00,0.000000000000000000e+00
-5.566863212244262726e+00,1.278648586670875886e+00,0.000000000000000000e+00,0.000000000000000000e+00
-5.566863212244262726e+00,1.278648586670875886e+00,0.000000000000000000e+00,0.000000000000000000e+00
-5.566863212244262726e+00,1.278648586670875886e+00,0.000000000000000000e+00,0.000000000000000000e+00
-5.566863212244262726e+00,1.278648586670875886e+00,0.000000000000000000e+00,0.000000000000000000e+00
-5.566863212244262726e+00,1.278648586670875886e+00,0.000000000000000000e+00,0.000000000000000000e+00
-5.566863212244262726e+00,1.278648586670875886e+00,0.000000000000000000e+00,0.000000000000000000e+00
-5.566863212244262726e+00,1.278648586670875886e+00,0.000000000000000000e+00,0.000000000000000000e+00
-5.568373953574011992e+00,1.275352915864792269e+00,0.000000000000000000e+00,0.000000000000000000e+00
-5.572315844632352189e+00,1.265438621910430328e+00,0.000000000000000000e+00,0.000000000000000000e+00
-5.573513568093924953e+00,1.265268957814613682e+00,0.000000000000000000e+00,0.000000000000000000e+00
-5.573979001750095641e+00,1.265217674489035327e+00,0.000000000000000000e+00,0.000000000000000000e+00
-5.573979001750095641e+00,1.265217674489035327e+00,0.000000000000000000e+00,0.000000000000000000e+00
-5.573979001750095641e+00,1.265217674489035327e+00,0.000000000000000000e+00,0.000000000000000000e+00
-5.574011275509563212e+00,1.265126617898756356e+00,0.000000000000000000e+00,0.000000000000000000e+00
-5.711844740184202074e+00,1.256829041406833047e+00,0.000000000000000000e+00,0.000000000000000000e+00
-5.747968016809132052e+00,1.172976003776783793e+00,0.000000000000000000e+00,0.000000000000000000e+00
-5.763509176532597422e+00,1.099574545508047674e+00,0.000000000000000000e+00,0.000000000000000000e+00
-5.800411973742733096e+00,9.823758748404530783e-01,0.000000000000000000e+00,0.000000000000000000e+00
-6.092568702482290988e+00,9.055753833747364201e-01,0.000000000000000000e+00,0.000000000000000000e+00
