time_s,x_meas,y_meas,z_meas,x_ref,y_ref,z_ref
0.000000000000000000e+00,0.000000000000000000e+00,-0.000000000000000000e+00,3.150000000000000022e-01,0.000000000000000000e+00,-0.000000000000000000e+00,3.150000000000000022e-01
1.000000000000000056e-01,0.000000000000000000e+00,-0.000000000000000000e+00,3.150000000000000022e-01,3.475430657793798301e-05,-3.475459643923155381e-05,3.149999948873146716e-01
2.000000000000000111e-01,0.000000000000000000e+00,-0.000000000000000000e+00,3.150000000000000022e-01,1.380802082251029377e-04,-1.380893596990155126e-04,3.149999192913819912e-01
3.000000000000000444e-01,0.000000000000000000e+00,-0.000000000000000000e+00,3.150000000000000022e-01,3.085570633158904474e-04,-3.086256213501862894e-04,3.149995969155426900e-01
4.000000000000000222e-01,0.000000000000000000e+00,-0.000000000000000000e+00,3.150000000000000022e-01,5.447315653694834474e-04,-5.450165506895613896e-04,3.149987433287259053e-01
5.000000000000000000e-01,0.000000000000000000e+00,-0.000000000000000000e+00,3.150000000000000022e-01,8.451030735305601563e-04,-8.459609042885201345e-04,3.149969738440804856e-01
6.000000000000000888e-01,0.000000000000000000e+00,-0.000000000000000000e+00,3.150000000000000022e-01,1.208110080995266787e-03,-1.210215287036268180e-03,3.149938112355034070e-01
7.000000000000000666e-01,0.000000000000000000e+00,-0.000000000000000000e+00,3.150000000000000022e-01,1.632117784028149898e-03,-1.636604948999843389e-03,3.149886932942776996e-01
8.000000000000000444e-01,0.000000000000000000e+00,-0.000000000000000000e+00,3.150000000000000022e-01,2.115406709113516835e-03,-2.124033135189114241e-03,3.149809802282665383e-01
9.000000000000000222e-01,0.000000000000000000e+00,-0.000000000000000000e+00,3.150000000000000022e-01,2.656162352713941494e-03,-2.671488999837578256e-03,3.149699619061940292e-01
1.000000000000000000e+00,0.000000000000000000e+00,-0.000000000000000000e+00,3.150000000000000022e-01,3.252465786439149437e-03,-3.278054092521129510e-03,3.149548649494973152e-01
1.100000000000000089e+00,0.000000000000000000e+00,-0.000000000000000000e+00,3.150000000000000022e-01,3.902285180348892633e-03,-3.942907420576855296e-03,3.149348596740780826e-01
1.200000000000000178e+00,0.000000000000000000e+00,-0.000000000000000000e+00,3.150000000000000022e-01,4.603468198359383923e-03,-4.665329090632693368e-03,3.149090668840287544e-01
1.300000000000000044e+00,0.000000000000000000e+00,-0.000000000000000000e+00,3.150000000000000022e-01,5.353735222224959879e-03,-5.444702531589662962e-03,3.148765645190768070e-01
1.400000000000000133e+00,0.000000000000000000e+00,-0.000000000000000000e+00,3.150000000000000022e-01,6.150673364096352624e-03,-6.280515301925998495e-03,3.148363941570938573e-01
1.500000000000000000e+00,0.000000000000000000e+00,-0.000000000000000000e+00,3.150000000000000022e-01,6.991731232214318248e-03,-7.172358485765657071e-03,3.147875673725687995e-01
1.600000000000000089e+00,0.000000000000000000e+00,-0.000000000000000000e+00,3.150000000000000022e-01,7.874214419650298058e-03,-8.119924684593620226e-03,3.147290719514581059e-01
1.700000000000000178e+00,0.000000000000000000e+00,-0.000000000000000000e+00,3.150000000000000022e-01,8.795281692084447323e-03,-9.123004614798823492e-03,3.146598779623162589e-01
1.800000000000000044e+00,0.000000000000000000e+00,-0.000000000000000000e+00,3.150000000000000022e-01,9.751941857260151836e-03,-1.018148232529658172e-02,3.145789436830810915e-01
1.900000000000000133e+00,0.000000000000000000e+00,-0.000000000000000000e+00,3.150000000000000022e-01,1.074105130586263182e-02,-1.129532905429335779e-02,3.144852213823595144e-01
2.000000000000000000e+00,0.000000000000000000e+00,-0.000000000000000000e+00,3.150000000000000022e-01,1.175931222097441331e-02,-1.246459574973013580e-02,3.143776629535329770e-01
2.100000000000000089e+00,0.000000000000000000e+00,-0.000000000000000000e+00,3.150000000000000022e-01,1.280327146084305270e-02,-1.368940428405008083e-02,3.142552253994900235e-01
2.200000000000000178e+00,0.000000000000000000e+00,-0.000000000000000000e+00,3.150000000000000022e-01,1.386932012732232204e-02,-1.496993740064652550e-02,3.141168761653035379e-01
2.300000000000000266e+00,7.063364716340047970e-03,-6.858763270354718139e-03,3.147947555835379219e-01,1.495369383984966952e-02,-1.630642743659290253e-02,3.139615983157099111e-01
2.400000000000000355e+00,9.431875325651529335e-03,-8.211726257934481854e-03,3.146687662982572409e-01,1.605247374207452796e-02,-1.769914387401669287e-02,3.137883955538228742e-01
2.500000000000000000e+00,1.108858431253761066e-02,-9.549752403046739974e-03,3.145463055888101933e-01,1.716158827511063759e-02,-1.914837978071667543e-02,3.135962970771295488e-01
2.600000000000000089e+00,1.525395216327167860e-02,-1.548711417385580449e-02,3.139976959409981894e-01,1.827681575768922914e-02,-2.065443720927587906e-02,3.133843622664818085e-01
2.700000000000000178e+00,2.127016438604682411e-02,-2.456708564262764793e-02,3.127539486343728914e-01,1.939378781910568519e-02,-2.221761163295555772e-02,3.131516852035096110e-01
2.800000000000000266e+00,2.389816851000020614e-02,-2.837128584124248148e-02,3.120686211665796295e-01,2.050799373563937100e-02,-2.383817550601576712e-02,3.128973990116515336e-01
2.900000000000000355e+00,2.463706549134482907e-02,-2.987326505720034470e-02,3.118039697138250133e-01,2.161478572494050440e-02,-2.551636104572767988e-02,3.126206800158261578e-01
3.000000000000000000e+00,2.724221561287628116e-02,-3.517243387649102854e-02,3.107713898887157766e-01,2.270938525558782728e-02,-2.725234234315202994e-02,3.123207517156547097e-01
3.100000000000000089e+00,3.040861131684298446e-02,-4.078760626453268451e-02,3.094537091756785485e-01,2.378689043050818963e-02,-2.904621691968425554e-02,3.119968885670941217e-01
3.200000000000000178e+00,3.189776341810832139e-02,-4.367857134373625411e-02,3.087212833660718525e-01,2.484228450308878858e-02,-3.089798685630728778e-02,3.116484195673541735e-01
3.300000000000000266e+00,3.192629423672729838e-02,-4.435220442208970271e-02,3.085881698411787055e-01,2.587044558350883039e-02,-3.280753963235301385e-02,3.112747316380463647e-01
3.400000000000000355e+00,3.303920711613109185e-02,-4.682182166582454785e-02,3.079391702203069792e-01,2.686615758997592390e-02,-3.477462882023267532e-02,3.108752728016525024e-01
3.500000000000000000e+00,3.725180726640461154e-02,-5.456380003713459659e-02,3.055641377561050809e-01,2.782412249510002322e-02,-3.679885479192777226e-02,3.104495551466027181e-01
3.600000000000000089e+00,3.889707970279325522e-02,-5.846433206773498509e-02,3.043097735145468552e-01,2.873897391151766442e-02,-3.887964560189263036e-02,3.099971575765163023e-01
3.700000000000000178e+00,3.914603918235729646e-02,-5.901800668894707780e-02,3.041219774889678540e-01,2.960529205305992284e-02,-4.101623821926133479e-02,3.095177283394797141e-01
3.800000000000000266e+00,3.895243430979455912e-02,-6.014317122000380211e-02,3.038572523113645674e-01,3.041762009822041035e-02,-4.320766028970204203e-02,3.090109873336175372e-01
3.900000000000000355e+00,3.781665983971373157e-02,-6.061522252415809525e-02,3.039244645613153883e-01,3.117048197144087901e-02,-4.545271261375342930e-02,3.084767281856434229e-01
4.000000000000000000e+00,3.534371631538220371e-02,-6.148925363869561095e-02,3.040895728962951239e-01,3.185840154483475517e-02,-4.774995253383545329e-02,3.079148200995612816e-01
4.100000000000000533e+00,3.355866659351328107e-02,-6.183959785086697025e-02,3.042669741450963472e-01,3.247592324846904077e-02,-5.009767842614760991e-02,3.073252094732196738e-01
4.200000000000000178e+00,3.283634849392042671e-02,-6.223691050033760414e-02,3.042639985095511590e-01,3.301763406133524648e-02,-5.249391549618605962e-02,3.067079212809911137e-01
4.299999999999999822e+00,3.272069606105545980e-02,-6.234686373795834263e-02,3.042504036949901236e-01,3.347818683777824267e-02,-5.493640307742240353e-02,3.060630602214588492e-01
4.400000000000000355e+00,3.333679951679661968e-02,-6.377219323084211411e-02,3.037598265974009726e-01,3.385232490558536672e-02,-5.742258363162080353e-02,3.053908116296372155e-01
4.500000000000000000e+00,3.946525234309730679e-02,-7.770610499855326592e-02,2.983042929562434997e-01,3.413490785235564345e-02,-5.994959364614500102e-02,3.046914421539179130e-01
4.600000000000000533e+00,4.002106035600172529e-02,-8.262963147787308338e-02,2.963896039180782260e-01,3.432093839640025512e-02,-6.251425661827351987e-02,3.039653001986274417e-01
4.700000000000000178e+00,3.877996792921181018e-02,-8.462325673468513998e-02,2.958451213065185215e-01,3.440559021752014057e-02,-6.511307830884494052e-02,3.032128161337862560e-01
4.800000000000000711e+00,3.678206955463764194e-02,-8.803137181564917035e-02,2.948304476217157855e-01,3.438423660185414843e-02,-6.774224443738978418e-02,3.024345022743762934e-01
4.900000000000000355e+00,3.964619406145159647e-02,-9.773327387305730252e-02,2.900753410280969558e-01,3.425247973389870804e-02,-7.039762097816423814e-02,3.016309526321440115e-01
5.000000000000000000e+00,4.030763872560490929e-02,-1.057834377101719014e-01,2.860073955018981873e-01,3.400618044810707619e-02,-7.307475720113854045e-02,3.008028424436821613e-01
5.100000000000000533e+00,3.934379201837163303e-02,-1.066894697545325288e-01,2.857259059526259248e-01,3.364148823253046428e-02,-7.576889158396765689e-02,2.999509274792438451e-01
5.200000000000000178e+00,3.655099791146268484e-02,-1.093199766496208286e-01,2.848568597240751510e-01,3.315487125814297470e-02,-7.847496070031313720e-02,2.990760431374347439e-01
5.300000000000000711e+00,3.285634164612103586e-02,-1.110037236809935934e-01,2.845766393457417887e-01,3.254314619017035365e-02,-8.118761116664433009e-02,2.981791033316044670e-01
5.400000000000000355e+00,3.290756135326208115e-02,-1.111621585323784162e-01,2.844821880919969903e-01,3.180350752230622774e-02,-8.390121470392802872e-02,2.972610991744028541e-01
5.500000000000000000e+00,2.955502933542092370e-02,-1.119093697801526177e-01,2.845868221251136587e-01,3.093355616153051213e-02,-8.660988634258161289e-02,2.963230974675816753e-01
5.600000000000000533e+00,2.600428127693098571e-02,-1.131939915530987689e-01,2.843617053821543839e-01,2.993132698071274134e-02,-8.930750576890691961e-02,2.953662390046987718e-01
5.700000000000000178e+00,2.606281517152907526e-02,-1.131903280688787428e-01,2.843562678800325427e-01,2.879531504864676211e-02,-9.198774177921113793e-02,2.943917366949126979e-01
5.800000000000000711e+00,2.610963633492056554e-02,-1.132353221704044399e-01,2.843253053040095124e-01,2.752450024294834929e-02,-9.464407977424769969e-02,2.934008735165421489e-01
5.900000000000000355e+00,2.989458490973428278e-02,-1.249958642965686706e-01,2.767898223059233609e-01,2.611836995065549422e-02,-9.726985219184014486e-02,2.923950003094928363e-01
6.000000000000000000e+00,3.037379945457777466e-02,-1.353741367074261792e-01,2.696859226313761959e-01,2.457693956465874241e-02,-9.985827173997743889e-02,2.913755334160292865e-01
6.100000000000000533e+00,2.751012190128170401e-02,-1.390730908475917293e-01,2.674179296664961902e-01,2.290077049146216001e-02,-1.024024672567342420e-01,2.903439521796811196e-01
6.200000000000000178e+00,1.781156422168984205e-02,-1.434233686373727612e-01,2.652836054070399352e-01,2.109098539739540784e-02,-1.048955219875492006e-01,2.893017963123179492e-01
6.300000000000000711e+00,1.589452523222807320e-02,-1.447782129502182269e-01,2.643948643449958169e-01,1.914928043634803873e-02,-1.073305140351950154e-01,2.882506631396065111e-01
6.400000000000000355e+00,9.749372358958771634e-03,-1.463750185120820668e-01,2.635524228534075752e-01,1.707793422241233802e-02,-1.097005587037215429e-01,2.871922047351695428e-01
6.500000000000000000e+00,5.991883361005038294e-04,-1.485849004651057237e-01,2.620145718318522832e-01,1.487981333544543747e-02,-1.119988524252903128e-01,2.861281249537984683e-01
6.600000000000000533e+00,-4.709512773592715610e-04,-1.498471005887097585e-01,2.609672710190161782e-01,1.255837417638138061e-02,-1.142187179286819759e-01,2.850601763740304717e-01
6.700000000000000178e+00,-3.231928431382036660e-03,-1.510611288848257572e-01,2.599162627621488530e-01,1.011766102192806528e-02,-1.163536502808902445e-01,2.839901571602786445e-01
6.800000000000000711e+00,-8.546823608363980987e-03,-1.526447961237744899e-01,2.583831910830028389e-01,7.562300164806169678e-03,-1.183973634091261967e-01,2.829199078545081569e-01
6.900000000000000355e+00,-8.799518957477525313e-03,-1.532469961144092285e-01,2.578479770612451261e-01,4.897490065556064920e-03,-1.203438366902332690e-01,2.818513081071731263e-01
7.000000000000000000e+00,-1.279458661098940853e-02,-1.541445352524477563e-01,2.568152824517909716e-01,2.128987484736367519e-03,-1.221873611784041747e-01,2.807862733567731417e-01
7.100000000000000533e+00,-1.419830928348598566e-02,-1.544856107952541913e-01,2.564052865318439678e-01,-7.369103904509519696e-04,-1.239225850305810256e-01,2.797267514669545818e-01
7.200000000000000178e+00,-1.421553858823262038e-02,-1.547227111248910270e-01,2.561935165323086516e-01,-3.693387764008806105e-03,-1.255445576823439047e-01,2.786747193295701641e-01
7.300000000000000711e+00,-1.929411711324586012e-02,-1.555709890650554539e-01,2.549443608915327730e-01,-6.733135884078134820e-03,-1.270487723257017199e-01,2.776321794415170241e-01
7.400000000000000355e+00,-2.024855730213118502e-02,-1.559472579932956460e-01,2.544954034618011618e-01,-9.848382372727119277e-03,-1.284312062441646529e-01,2.766011564625127650e-01
7.500000000000000000e+00,-2.081641868851564006e-02,-1.567254412350676807e-01,2.537199459407223356e-01,-1.303092402568987833e-02,-1.296883585698838659e-01,2.755836937602260117e-01
7.600000000000000533e+00,-2.107546795177521470e-02,-1.572144845323295570e-01,2.532400084316372979e-01,-1.627216282736871147e-02,-1.308172850424720868e-01,2.745818499483683728e-01
7.700000000000000178e+00,-2.104106355085436086e-02,-1.572354796957833589e-01,2.532249405338217185e-01,-1.956314488029060883e-02,-1.318156293692587244e-01,2.735976954224727531e-01
7.800000000000000711e+00,-2.101963418176425874e-02,-1.572389384996147610e-01,2.532243955322708295e-01,-2.289460190448723217e-02,-1.326816508119584848e-01,2.726333088971353846e-01
7.900000000000000355e+00,-2.096554809216444326e-02,-1.572478256419240494e-01,2.532228629816719034e-01,-2.625699492169941696e-02,-1.334142476547303946e-01,2.716907739474860861e-01
8.000000000000000000e+00,-2.094441299190286446e-02,-1.572625117077750823e-01,2.532119457122358197e-01,-2.964055970259767830e-02,-1.340129762429392857e-01,2.707721755565773991e-01
8.099999999999999645e+00,-2.094441299190286446e-02,-1.572625117077750823e-01,2.532119457122358197e-01,-3.303535352304326489e-02,-1.344780653200953191e-01,2.698795966692529302e-01
8.200000000000001066e+00,-2.094441299190286446e-02,-1.572625117077750823e-01,2.532119457122358197e-01,-3.643130274841385047e-02,-1.348104254318149009e-01,2.690151147518677344e-01
8.300000000000000711e+00,-2.094441299190286446e-02,-1.572625117077750823e-01,2.532119457122358197e-01,-3.981825074374516910e-02,-1.350116532095338995e-01,2.681807983559984510e-01
8.400000000000000355e+00,-2.094441299190286446e-02,-1.572625117077750823e-01,2.532119457122358197e-01,-4.318600559239458431e-02,-1.350840303923386554e-01,2.673787036829956554e-01
8.500000000000000000e+00,-2.094441299190286446e-02,-1.572625117077750823e-01,2.532119457122358197e-01,-4.652438709752215046e-02,-1.350305174918416673e-01,2.666108711449058921e-01
8.599999999999999645e+00,-2.094441299190286446e-02,-1.572625117077750823e-01,2.532119457122358197e-01,-4.982327253924386662e-02,-1.348547420516464923e-01,2.658793219159252263e-01
8.700000000000001066e+00,-2.094441299190286446e-02,-1.572625117077750823e-01,2.532119457122358197e-01,-5.307264066608344960e-02,-1.345609814987246966e-01,2.651860544671441611e-01
8.800000000000000711e+00,-2.094441299190286446e-02,-1.572625117077750823e-01,2.532119457122358197e-01,-5.626261341248729730e-02,-1.341541406280596094e-01,2.645330410759185735e-01
8.900000000000000355e+00,-2.094441299190286446e-02,-1.572625117077750823e-01,2.532119457122358197e-01,-5.938349485474495731e-02,-1.336397238032969170e-01,2.639222242997410484e-01
9.000000000000000000e+00,-2.094441299190286446e-02,-1.572625117077750823e-01,2.532119457122358197e-01,-6.242580694566522009e-02,-1.330238019940100658e-01,2.633555134030161060e-01
9.099999999999999645e+00,-2.094441299190286446e-02,-1.572625117077750823e-01,2.532119457122358197e-01,-6.538032160371527735e-02,-1.323129748037119857e-01,2.628347807236500189e-01
9.200000000000001066e+00,-2.094441299190286446e-02,-1.572625117077750823e-01,2.532119457122358197e-01,-6.823808877489821734e-02,-1.315143276711667752e-01,2.623618579648685500e-01
9.300000000000000711e+00,-2.094441299190286446e-02,-1.572625117077750823e-01,2.532119457122358197e-01,-7.099046013523012399e-02,-1.306353844502020078e-01,2.619385323961698764e-01
9.400000000000000355e+00,-2.094441299190286446e-02,-1.572625117077750823e-01,2.532119457122358197e-01,-7.362910815806675280e-02,-1.296840555895349134e-01,2.615665429458242652e-01
9.500000000000000000e+00,-2.094441299190286446e-02,-1.572625117077750823e-01,2.532119457122358197e-01,-7.614604033348505718e-02,-1.286685821436582555e-01,2.612475761658374362e-01
9.600000000000001421e+00,-2.094441299190286446e-02,-1.572625117077750823e-01,2.532119457122358197e-01,-7.853360839621367773e-02,-1.275974758483125471e-01,2.609832620488259924e-01
9.700000000000001066e+00,-2.094441299190286446e-02,-1.572625117077750823e-01,2.532119457122358197e-01,-8.078451249403326151e-02,-1.264794554893608758e-01,2.607751696748042414e-01
9.800000000000000711e+00,-2.094441299190286446e-02,-1.572625117077750823e-01,2.532119457122358197e-01,-8.289180030996312620e-02,-1.253233797820703932e-01,2.606248026644717997e-01
9.900000000000000355e+00,-2.094441299190286446e-02,-1.572625117077750823e-01,2.532119457122358197e-01,-8.484886123882218190e-02,-1.241381769591651807e-01,2.605335944142238014e-01
1.000000000000000000e+01,-2.094441299190286446e-02,-1.572625117077750823e-01,2.532119457122358197e-01,-8.664941581189133935e-02,-1.229327712410633877e-01,2.605029030867967443e-01
1.010000000000000142e+01,-2.094441299190286446e-02,-1.572625117077750823e-01,2.532119457122358197e-01,-8.836116392128089136e-02,-1.217082257533409206e-01,2.605029030867967443e-01
1.020000000000000107e+01,-2.094441299190286446e-02,-1.572625117077750823e-01,2.532119457122358197e-01,-9.005560903116076321e-02,-1.204598472005355830e-01,2.605029030867967443e-01
1.030000000000000071e+01,-2.094441299190286446e-02,-1.572625117077750823e-01,2.532119457122358197e-01,-9.173241933305761875e-02,-1.191878800417800199e-01,2.605029030867967443e-01
1.040000000000000036e+01,-2.094441299190286446e-02,-1.572625117077750823e-01,2.532119457122358197e-01,-9.339126647176936025e-02,-1.178925733553587152e-01,2.605029030867967443e-01
1.050000000000000000e+01,-2.094441299190286446e-02,-1.572625117077750823e-01,2.532119457122358197e-01,-9.503182560966438874e-02,-1.165741807899330768e-01,2.605029030867967443e-01
1.060000000000000142e+01,-2.094441299190286446e-02,-1.572625117077750823e-01,2.532119457122358197e-01,-9.665377549029112447e-02,-1.152329605148720709e-01,2.605029030867967443e-01
1.070000000000000107e+01,-2.094441299190286446e-02,-1.572625117077750823e-01,2.532119457122358197e-01,-9.825679850128767046e-02,-1.138691751696964682e-01,2.605029030867967443e-01
1.080000000000000071e+01,-2.094441299190286446e-02,-1.572625117077750823e-01,2.532119457122358197e-01,-9.984058073657642307e-02,-1.124830918126490248e-01,2.605029030867967443e-01
1.090000000000000036e+01,-2.094441299190286446e-02,-1.572625117077750823e-01,2.532119457122358197e-01,-1.014048120578338597e-01,-1.110749818683985229e-01,2.605029030867967443e-01
1.100000000000000000e+01,-2.094441299190286446e-02,-1.572625117077750823e-01,2.532119457122358197e-01,-1.029491861552223192e-01,-1.096451210748888988e-01,2.605029030867967443e-01
1.110000000000000142e+01,-2.094441299190286446e-02,-1.572625117077750823e-01,2.532119457122358197e-01,-1.044734006073716470e-01,-1.081937894293443503e-01,2.605029030867967443e-01
1.120000000000000107e+01,-2.094441299190286446e-02,-1.572625117077750823e-01,2.532119457122358197e-01,-1.059771569406001979e-01,-1.067212711334393077e-01,2.605029030867967443e-01
1.130000000000000071e+01,-2.094441299190286446e-02,-1.572625117077750823e-01,2.532119457122358197e-01,-1.074601606873620135e-01,-1.052278545376460900e-01,2.605029030867967443e-01
1.140000000000000036e+01,-2.094441299190286446e-02,-1.572625117077750823e-01,2.532119457122358197e-01,-1.089221214439099472e-01,-1.037138320847696693e-01,2.605029030867967443e-01
1.150000000000000000e+01,-2.094441299190286446e-02,-1.572625117077750823e-01,2.532119457122358197e-01,-1.103627529271629798e-01,-1.021795002526810631e-01,2.605029030867967443e-01
1.160000000000000142e+01,-2.094441299190286446e-02,-1.572625117077750823e-01,2.532119457122358197e-01,-1.117817730307663349e-01,-1.006251594962607326e-01,2.605029030867967443e-01
1.170000000000000107e+01,-2.094441299190286446e-02,-1.572625117077750823e-01,2.532119457122358197e-01,-1.131789038803343445e-01,-9.905111418856281380e-02,2.605029030867967443e-01
1.180000000000000071e+01,-2.094441299190286446e-02,-1.572625117077750823e-01,2.532119457122358197e-01,-1.145538718878635343e-01,-9.745767256121302957e-02,2.605029030867967443e-01
1.190000000000000036e+01,-2.094441299190286446e-02,-1.572625117077750823e-01,2.532119457122358197e-01,-1.159064078053076707e-01,-9.584514664404963913e-02,2.605029030867967443e-01
1.200000000000000000e+01,-2.094441299190286446e-02,-1.572625117077750823e-01,2.532119457122358197e-01,-1.172362467773017947e-01,-9.421385220402177241e-02,2.605029030867967443e-01
1.210000000000000142e+01,-2.094441299190286446e-02,-1.572625117077750823e-01,2.532119457122358197e-01,-1.185431283930266783e-01,-9.256410868335555875e-02,2.605029030867967443e-01
1.220000000000000107e+01,-2.094441299190286446e-02,-1.572625117077750823e-01,2.532119457122358197e-01,-1.198267967372029924e-01,-9.089623913700008162e-02,2.605029030867967443e-01
1.230000000000000071e+01,-2.094441299190286446e-02,-1.572625117077750823e-01,2.532119457122358197e-01,-1.210870004402045674e-01,-8.921057016936705109e-02,2.605029030867967443e-01
1.240000000000000036e+01,-2.094441299190286446e-02,-1.572625117077750823e-01,2.532119457122358197e-01,-1.223234927272824485e-01,-8.750743187037396398e-02,2.605029030867967443e-01
1.250000000000000000e+01,-2.094441299190286446e-02,-1.572625117077750823e-01,2.532119457122358197e-01,-1.235360314668882131e-01,-8.578715775080598960e-02,2.605029030867967443e-01
1.260000000000000142e+01,-2.094441299190286446e-02,-1.572625117077750823e-01,2.532119457122358197e-01,-1.247243792180886962e-01,-8.405008467700714192e-02,2.605029030867967443e-01
1.270000000000000107e+01,-2.094441299190286446e-02,-1.572625117077750823e-01,2.532119457122358197e-01,-1.258883032770619359e-01,-8.229655280491487979e-02,2.605029030867967443e-01
1.280000000000000071e+01,-2.094441299190286446e-02,-1.572625117077750823e-01,2.532119457122358197e-01,-1.270275757226655422e-01,-8.052690551345020875e-02,2.605029030867967443e-01
1.290000000000000036e+01,-2.094441299190286446e-02,-1.572625117077750823e-01,2.532119457122358197e-01,-1.281419734610686478e-01,-7.874148933727659339e-02,2.605029030867967443e-01
1.300000000000000000e+01,-2.094441299190286446e-02,-1.572625117077750823e-01,2.532119457122358197e-01,-1.292312782694381157e-01,-7.694065389894162721e-02,2.605029030867967443e-01
1.310000000000000142e+01,-2.094441299190286446e-02,-1.572625117077750823e-01,2.532119457122358197e-01,-1.302952768386715920e-01,-7.512475184041278453e-02,2.605029030867967443e-01
1.320000000000000107e+01,-2.094441299190286446e-02,-1.572625117077750823e-01,2.532119457122358197e-01,-1.313337608151676772e-01,-7.329413875402313039e-02,2.605029030867967443e-01
1.330000000000000071e+01,-2.094441299190286446e-02,-1.572625117077750823e-01,2.532119457122358197e-01,-1.323465268416262053e-01,-7.144917311283864592e-02,2.605029030867967443e-01
1.340000000000000036e+01,-2.094441299190286446e-02,-1.572625117077750823e-01,2.532119457122358197e-01,-1.333333765968698903e-01,-6.959021620046119960e-02,2.605029030867967443e-01
1.350000000000000000e+01,-2.094441299190286446e-02,-1.572625117077750823e-01,2.532119457122358197e-01,-1.342941168346797054e-01,-6.771763204028227734e-02,2.605029030867967443e-01
1.360000000000000142e+01,-2.094441299190286446e-02,-1.572625117077750823e-01,2.532119457122358197e-01,-1.352285594216368347e-01,-6.583178732419851797e-02,2.605029030867967443e-01
1.370000000000000107e+01,-2.094441299190286446e-02,-1.572625117077750823e-01,2.532119457122358197e-01,-1.361365213739630098e-01,-6.393305134080635999e-02,2.605029030867967443e-01
1.380000000000000071e+01,-2.094441299190286446e-02,-1.572625117077750823e-01,2.532119457122358197e-01,-1.370178248933527354e-01,-6.202179590308710272e-02,2.605029030867967443e-01
1.390000000000000036e+01,-2.094983024520578191e-02,-1.572653040475117947e-01,2.532087134488622548e-01,-1.378722974017899949e-01,-6.009839527559810574e-02,2.605029030867967443e-01
1.400000000000000000e+01,-2.089310817080651181e-02,-1.572971636010062624e-01,2.531863435927924622e-01,-1.386997715753426619e-01,-5.816322610118383751e-02,2.605029030867967443e-01
1.410000000000000142e+01,-2.092463296920443749e-02,-1.573182651142428778e-01,2.531630673881918869e-01,-1.395000853769281512e-01,-5.621666732722085946e-02,2.605029030867967443e-01
1.420000000000000107e+01,-2.080583289344469997e-02,-1.573797553167456953e-01,2.531209557768524521e-01,-1.402730820880435658e-01,-5.425910013141260063e-02,2.605029030867967443e-01
1.430000000000000071e+01,-2.073409797919801428e-02,-1.574332736794422372e-01,2.530803693089939688e-01,-1.410186103394547863e-01,-5.229090784714567064e-02,2.605029030867967443e-01
1.440000000000000036e+01,-2.070930893162848188e-02,-1.574905688366158019e-01,2.530305564977120558e-01,-1.417365241408376220e-01,-5.031247588842577972e-02,2.605029030867967443e-01
1.450000000000000000e+01,-2.069612162679599840e-02,-1.574967595346952187e-01,2.530264458894559976e-01,-1.424266829093657760e-01,-4.832419167440509672e-02,2.605029030867967443e-01
1.460000000000000142e+01,-2.069612162679599840e-02,-1.574967595346952187e-01,2.530264458894559976e-01,-1.430889514972401300e-01,-4.632644455351748319e-02,2.605029030867967443e-01
1.470000000000000107e+01,-2.069612162679599840e-02,-1.574967595346952187e-01,2.530264458894559976e-01,-1.437232002181534907e-01,-4.431962572723546767e-02,2.605029030867967443e-01
1.480000000000000071e+01,-2.069612162679599840e-02,-1.574967595346952187e-01,2.530264458894559976e-01,-1.443293048726858596e-01,-4.230412817346509285e-02,2.605029030867967443e-01
1.490000000000000036e+01,-2.069612162679599840e-02,-1.574967595346952187e-01,2.530264458894559976e-01,-1.449071467726254225e-01,-4.028034656959218751e-02,2.605029030867967443e-01
1.500000000000000000e+01,-2.069612162679599840e-02,-1.574967595346952187e-01,2.530264458894559976e-01,-1.454566127642101803e-01,-3.824867721519618208e-02,2.605029030867967443e-01
1.510000000000000142e+01,-2.069612162679599840e-02,-1.574967595346952187e-01,2.530264458894559976e-01,-1.459775952502859186e-01,-3.620951795444617843e-02,2.605029030867967443e-01
1.520000000000000107e+01,-2.069612162679599840e-02,-1.574967595346952187e-01,2.530264458894559976e-01,-1.464699922113759933e-01,-3.416326809819469901e-02,2.605029030867967443e-01
1.530000000000000071e+01,-2.069612162679599840e-02,-1.574967595346952187e-01,2.530264458894559976e-01,-1.469337072256587939e-01,-3.211032834578382567e-02,2.605029030867967443e-01
1.540000000000000036e+01,-2.069612162679599840e-02,-1.574967595346952187e-01,2.530264458894559976e-01,-1.473686494878495012e-01,-3.005110070658009030e-02,2.605029030867967443e-01
1.550000000000000000e+01,-2.069612162679599840e-02,-1.574967595346952187e-01,2.530264458894559976e-01,-1.477747338269813915e-01,-2.798598842125225514e-02,2.605029030867967443e-01
1.560000000000000142e+01,-2.069612162679599840e-02,-1.574967595346952187e-01,2.530264458894559976e-01,-1.481518807230842727e-01,-2.591539588280821968e-02,2.605029030867967443e-01
1.570000000000000107e+01,-2.069612162679599840e-02,-1.574967595346952187e-01,2.530264458894559976e-01,-1.485000163227561953e-01,-2.383972855740627839e-02,2.605029030867967443e-01
1.580000000000000071e+01,-2.069612162679599840e-02,-1.574967595346952187e-01,2.530264458894559976e-01,-1.488190724536254117e-01,-2.175939290495626163e-02,2.605029030867967443e-01
1.590000000000000036e+01,-2.069612162679599840e-02,-1.574967595346952187e-01,2.530264458894559976e-01,-1.491089866377001416e-01,-1.967479629952574582e-02,2.605029030867967443e-01
1.600000000000000000e+01,-2.069612162679599840e-02,-1.574967595346952187e-01,2.530264458894559976e-01,-1.493697021036029526e-01,-1.758634694956792699e-02,2.605029030867967443e-01
1.610000000000000142e+01,-2.069612162679599840e-02,-1.574967595346952187e-01,2.530264458894559976e-01,-1.496011677976879228e-01,-1.549445381798546066e-02,2.605029030867967443e-01
1.619999999999999929e+01,-2.069612162679599840e-02,-1.574967595346952187e-01,2.530264458894559976e-01,-1.498033383940379493e-01,-1.339952654204683465e-02,2.605029030867967443e-01
1.630000000000000071e+01,-2.069612162679599840e-02,-1.574967595346952187e-01,2.530264458894559976e-01,-1.499761743033405370e-01,-1.130197535317069638e-02,2.605029030867967443e-01
1.640000000000000213e+01,-2.069612162679599840e-02,-1.574967595346952187e-01,2.530264458894559976e-01,-1.501196416806402922e-01,-9.202210996593842771e-03,2.605029030867967443e-01
1.650000000000000000e+01,-2.069612162679599840e-02,-1.574967595346952187e-01,2.530264458894559976e-01,-1.502337124319663986e-01,-7.100644650938285618e-03,2.605029030867967443e-01
1.660000000000000142e+01,-2.069612162679599840e-02,-1.574967595346952187e-01,2.530264458894559976e-01,-1.503183642198340220e-01,-4.997687847694109141e-03,2.605029030867967443e-01
1.669999999999999929e+01,-2.069612162679599840e-02,-1.574967595346952187e-01,2.530264458894559976e-01,-1.503735804676186172e-01,-2.893752390632571298e-03,2.605029030867967443e-01
1.680000000000000071e+01,-2.069612162679599840e-02,-1.574967595346952187e-01,2.530264458894559976e-01,-1.503993503628018036e-01,-7.892502751662077657e-04,2.605029030867967443e-01
1.690000000000000213e+01,-2.069612162679599840e-02,-1.574967595346952187e-01,2.530264458894559976e-01,-1.503956688590887825e-01,1.315406392328650987e-03,2.605029030867967443e-01
1.700000000000000000e+01,-2.069612162679599840e-02,-1.574967595346952187e-01,2.530264458894559976e-01,-1.503625366773964078e-01,3.419805475211024764e-03,2.605029030867967443e-01
1.710000000000000142e+01,-2.069612162679599840e-02,-1.574967595346952187e-01,2.530264458894559976e-01,-1.502999603057121880e-01,5.523534887280692578e-03,2.605029030867967443e-01
1.719999999999999929e+01,-2.069612162679599840e-02,-1.574967595346952187e-01,2.530264458894559976e-01,-1.502079519978236355e-01,7.626182673473053814e-03,2.605029030867967443e-01
1.730000000000000071e+01,-2.069612162679599840e-02,-1.574967595346952187e-01,2.530264458894559976e-01,-1.500865297709187696e-01,9.727337090528975772e-03,2.605029030867967443e-01
1.740000000000000213e+01,-2.069612162679599840e-02,-1.574967595346952187e-01,2.530264458894559976e-01,-1.499357174020580497e-01,1.182658668762284586e-02,2.605029030867967443e-01
1.750000000000000000e+01,-2.069612162679599840e-02,-1.574967595346952187e-01,2.530264458894559976e-01,-1.497555444235181554e-01,1.392352038693339157e-02,2.605029030867967443e-01
1.760000000000000142e+01,-2.069612162679599840e-02,-1.574967595346952187e-01,2.530264458894559976e-01,-1.495460461170090849e-01,1.601772756414144433e-02,2.605029030867967443e-01
1.769999999999999929e+01,-2.069612162679599840e-02,-1.574967595346952187e-01,2.530264458894559976e-01,-1.493072635067652087e-01,1.810879812883916737e-02,2.605029030867967443e-01
1.780000000000000071e+01,-2.069612162679599840e-02,-1.574967595346952187e-01,2.530264458894559976e-01,-1.490392433515117243e-01,2.019632260483413683e-02,2.605029030867967443e-01
1.790000000000000213e+01,-2.069612162679599840e-02,-1.574967595346952187e-01,2.530264458894559976e-01,-1.487420381353085352e-01,2.227989221033373560e-02,2.605029030867967443e-01
1.800000000000000000e+01,-2.069612162679599840e-02,-1.574967595346952187e-01,2.530264458894559976e-01,-1.484157060572725284e-01,2.435909893799331066e-02,2.605029030867967443e-01
1.810000000000000142e+01,-2.069612162679599840e-02,-1.574967595346952187e-01,2.530264458894559976e-01,-1.480603110201810790e-01,2.643353563481269999e-02,2.605029030867967443e-01
1.819999999999999929e+01,-2.069612162679599840e-02,-1.574967595346952187e-01,2.530264458894559976e-01,-1.476759226179585049e-01,2.850279608186537944e-02,2.605029030867967443e-01
1.830000000000000071e+01,-2.069612162679599840e-02,-1.574967595346952187e-01,2.530264458894559976e-01,-1.472626161220480234e-01,3.056647507384507509e-02,2.605029030867967443e-01
1.840000000000000213e+01,-2.069612162679599840e-02,-1.574967595346952187e-01,2.530264458894559976e-01,-1.468204724666720695e-01,3.262416849841321548e-02,2.605029030867967443e-01
1.850000000000000000e+01,-2.069612162679599840e-02,-1.574967595346952187e-01,2.530264458894559976e-01,-1.463495782329836403e-01,3.467547341533296773e-02,2.605029030867967443e-01
1.860000000000000142e+01,-2.069612162679599840e-02,-1.574967595346952187e-01,2.530264458894559976e-01,-1.458500256321118849e-01,3.671998813537349915e-02,2.605029030867967443e-01
1.869999999999999929e+01,-2.069612162679599840e-02,-1.574967595346952187e-01,2.530264458894559976e-01,-1.453219124871050760e-01,3.875731229896926117e-02,2.605029030867967443e-01
1.880000000000000071e+01,-2.069612162679599840e-02,-1.574967595346952187e-01,2.530264458894559976e-01,-1.447653422137749890e-01,4.078704695461888435e-02,2.605029030867967443e-01
1.890000000000000213e+01,-2.069612162679599840e-02,-1.574967595346952187e-01,2.530264458894559976e-01,-1.441804238004455452e-01,4.280879463700863752e-02,2.605029030867967443e-01
1.900000000000000000e+01,-2.069612162679599840e-02,-1.574967595346952187e-01,2.530264458894559976e-01,-1.435672717866109949e-01,4.482215944484422426e-02,2.605029030867967443e-01
1.910000000000000142e+01,-2.069612162679599840e-02,-1.574967595346952187e-01,2.530264458894559976e-01,-1.429260062405063036e-01,4.682674711837690740e-02,2.605029030867967443e-01
1.920000000000000284e+01,-2.069612162679599840e-02,-1.574967595346952187e-01,2.530264458894559976e-01,-1.422567527355954042e-01,4.882216511660801561e-02,2.605029030867967443e-01
1.930000000000000071e+01,-2.069612162679599840e-02,-1.574967595346952187e-01,2.530264458894559976e-01,-1.415596423259811720e-01,5.080802269415672645e-02,2.605029030867967443e-01
1.940000000000000213e+01,-2.069612162679599840e-02,-1.574967595346952187e-01,2.530264458894559976e-01,-1.408348115207423146e-01,5.278393097777633880e-02,2.605029030867967443e-01
1.950000000000000000e+01,-2.069612162679599840e-02,-1.574967595346952187e-01,2.530264458894559976e-01,-1.400824022572017824e-01,5.474950304250420646e-02,2.605029030867967443e-01
1.960000000000000142e+01,-2.069612162679599840e-02,-1.574967595346952187e-01,2.530264458894559976e-01,-1.393025618731326687e-01,5.670435398742945665e-02,2.605029030867967443e-01
1.970000000000000284e+01,-2.069612162679599840e-02,-1.574967595346952187e-01,2.530264458894559976e-01,-1.384954430779062606e-01,5.864810101106509438e-02,2.605029030867967443e-01
1.980000000000000071e+01,-2.069612162679599840e-02,-1.574967595346952187e-01,2.530264458894559976e-01,-1.376612039225881268e-01,6.058036348630862350e-02,2.605029030867967443e-01
1.990000000000000213e+01,-2.069612162679599840e-02,-1.574967595346952187e-01,2.530264458894559976e-01,-1.368000077689885685e-01,6.250076303497692498e-02,2.605029030867967443e-01
2.000000000000000000e+01,-2.069612162679599840e-02,-1.574967595346952187e-01,2.530264458894559976e-01,-1.359120232576727372e-01,6.440892360190075827e-02,2.605029030867967443e-01
2.010000000000000142e+01,-2.069612162679599840e-02,-1.574967595346952187e-01,2.530264458894559976e-01,-1.349974242749373277e-01,6.630447152856458470e-02,2.605029030867967443e-01
2.020000000000000284e+01,-2.069612162679599840e-02,-1.574967595346952187e-01,2.530264458894559976e-01,-1.340563899187598162e-01,6.818703562627646819e-02,2.605029030867967443e-01
2.030000000000000071e+01,-2.069612162679599840e-02,-1.574967595346952187e-01,2.530264458894559976e-01,-1.330891044637274589e-01,7.005624724885507748e-02,2.605029030867967443e-01
2.040000000000000213e+01,-2.068801132915638885e-02,-1.575055380867760313e-01,2.530193320448580474e-01,-1.320957573249521011e-01,7.191174036481830234e-02,2.605029030867967443e-01
2.050000000000000000e+01,-2.070200968390457572e-02,-1.575036408272974808e-01,2.530193855162700123e-01,-1.310765430209789029e-01,7.375315162906012634e-02,2.605029030867967443e-01
2.060000000000000142e+01,-2.070200968390457572e-02,-1.575036408272974808e-01,2.530193855162700123e-01,-1.300316611356955032e-01,7.558012045400117063e-02,2.605029030867967443e-01
2.070000000000000284e+01,-2.070200968390457572e-02,-1.575036408272974808e-01,2.530193855162700123e-01,-1.289613162792488943e-01,7.739228908019972486e-02,2.605029030867967443e-01
2.080000000000000071e+01,-2.070200968390457572e-02,-1.575036408272974808e-01,2.530193855162700123e-01,-1.278657180479787769e-01,7.918930264640840211e-02,2.605029030867967443e-01
2.090000000000000213e+01,-2.070200968390457572e-02,-1.575036408272974808e-01,2.530193855162700123e-01,-1.267450809833739478e-01,8.097080925906353921e-02,2.605029030867967443e-01
2.100000000000000000e+01,-2.070200968390457572e-02,-1.575036408272974808e-01,2.530193855162700123e-01,-1.255996245300605163e-01,8.273646006119365903e-02,2.605029030867967443e-01
2.110000000000000142e+01,-2.070200968390457572e-02,-1.575036408272974808e-01,2.530193855162700123e-01,-1.244295729928299454e-01,8.448590930073293648e-02,2.605029030867967443e-01
2.120000000000000284e+01,-2.070200968390457572e-02,-1.575036408272974808e-01,2.530193855162700123e-01,-1.232351554927155340e-01,8.621881439822683124e-02,2.605029030867967443e-01
2.130000000000000071e+01,-2.070200968390457572e-02,-1.575036408272974808e-01,2.530193855162700123e-01,-1.220166059221254040e-01,8.793483601391667570e-02,2.605029030867967443e-01
2.140000000000000213e+01,-2.070200968390457572e-02,-1.575036408272974808e-01,2.530193855162700123e-01,-1.207741628990415816e-01,8.963363811418922911e-02,2.605029030867967443e-01
2.150000000000000000e+01,-2.070200968390457572e-02,-1.575036408272974808e-01,2.530193855162700123e-01,-1.195080697202933750e-01,9.131488803737955462e-02,2.605029030867967443e-01
2.160000000000000142e+01,-2.070200968390457572e-02,-1.575036408272974808e-01,2.530193855162700123e-01,-1.182185743139148038e-01,9.297825655891310548e-02,2.605029030867967443e-01
2.170000000000000284e+01,-2.070200968390457572e-02,-1.575036408272974808e-01,2.530193855162700123e-01,-1.169059291905948789e-01,9.462341795577500214e-02,2.605029030867967443e-01
2.180000000000000071e+01,-2.070200968390457572e-02,-1.575036408272974808e-01,2.530193855162700123e-01,-1.155703913942307259e-01,9.625005007029339976e-02,2.605029030867967443e-01
2.190000000000000213e+01,-2.070200968390457572e-02,-1.575036408272974808e-01,2.530193855162700123e-01,-1.142122224515927237e-01,9.785783437322514988e-02,2.605029030867967443e-01
2.200000000000000000e+01,-2.070200968390457572e-02,-1.575036408272974808e-01,2.530193855162700123e-01,-1.128316883211122751e-01,9.944645602613019775e-02,2.605029030867967443e-01
2.210000000000000142e+01,-2.070200968390457572e-02,-1.575036408272974808e-01,2.530193855162700123e-01,-1.114290593408012453e-01,1.010156039430238767e-01,2.605029030867967443e-01
2.220000000000000284e+01,-2.070200968390457572e-02,-1.575036408272974808e-01,2.530193855162700123e-01,-1.100046101753141548e-01,1.025649708512942349e-01,2.605029030867967443e-01
2.230000000000000071e+01,-2.177984095787807370e-02,-1.561621916493232676e-01,2.541136006602775499e-01,-1.085586197621628696e-01,1.040942533518724594e-01,2.605029030867967443e-01
2.240000000000000213e+01,-2.176196396202689787e-02,-1.561227525641502578e-01,2.541516779075275179e-01,-1.070913712570948223e-01,1.056031519786447964e-01,2.605029030867967443e-01
2.250000000000000000e+01,-2.176196396202689787e-02,-1.561227525641502578e-01,2.541516779075275179e-01,-1.056031519786449074e-01,1.070913712570947113e-01,2.605029030867967443e-01
2.260000000000000142e+01,-2.176196396202689787e-02,-1.561227525641502578e-01,2.541516779075275179e-01,-1.040942533518725149e-01,1.085586197621628141e-01,2.605029030867967443e-01
2.270000000000000284e+01,-2.176196396202689787e-02,-1.561227525641502578e-01,2.541516779075275179e-01,-1.025649708512943042e-01,1.100046101753140992e-01,2.605029030867967443e-01
2.280000000000000071e+01,-2.176196396202689787e-02,-1.561227525641502578e-01,2.541516779075275179e-01,-1.010156039430239461e-01,1.114290593408011898e-01,2.605029030867967443e-01
2.290000000000000213e+01,-2.176196396202689787e-02,-1.561227525641502578e-01,2.541516779075275179e-01,-9.944645602613025326e-02,1.128316883211122196e-01,2.605029030867967443e-01
2.300000000000000000e+01,-2.176196396202689787e-02,-1.561227525641502578e-01,2.541516779075275179e-01,-9.785783437322531642e-02,1.142122224515925988e-01,2.605029030867967443e-01
2.310000000000000142e+01,-9.586536913808559046e-02,-7.682805667882723621e-02,2.803901852723533206e-01,-9.625005007029352466e-02,1.155703913942306288e-01,2.605029030867967443e-01
2.320000000000000284e+01,-9.656613548974793404e-02,-7.580580108264081685e-02,2.804431864775567274e-01,-9.462341795577501602e-02,1.169059291905948789e-01,2.605029030867967443e-01
2.330000000000000071e+01,-9.747381859967060858e-02,-7.582737964536635789e-02,2.799938119201628162e-01,-9.297825655891316099e-02,1.182185743139147621e-01,2.605029030867967443e-01
2.340000000000000213e+01,-9.759565438278165750e-02,-7.582223734401087600e-02,2.799361555321254746e-01,-9.131488803737967952e-02,1.195080697202932918e-01,2.605029030867967443e-01
2.350000000000000000e+01,-1.211980261184123359e-01,-1.912954408908415851e-02,2.804848062661760566e-01,-8.963363811418929850e-02,1.207741628990415261e-01,2.605029030867967443e-01
2.360000000000000142e+01,-1.215334881362751390e-01,-1.883092510746144088e-02,2.803094006193477816e-01,-8.793483601391680060e-02,1.220166059221253207e-01,2.605029030867967443e-01
2.370000000000000284e+01,-1.235568380858167725e-01,-1.014566151324700245e-02,2.796969219053649924e-01,-8.621881439822702553e-02,1.232351554927154369e-01,2.605029030867967443e-01
2.380000000000000071e+01,-1.335058671670626140e-01,2.110884906607921399e-02,2.722654277198357509e-01,-8.448590930073300587e-02,1.244295729928298899e-01,2.605029030867967443e-01
2.390000000000000213e+01,-1.298054284576836692e-01,3.403829756765906767e-02,2.729475935804476228e-01,-8.273646006119367291e-02,1.255996245300604885e-01,2.605029030867967443e-01
2.400000000000000000e+01,-1.287387894326851578e-01,5.526597297808223674e-02,2.686768085973129661e-01,-8.097080925906360860e-02,1.267450809833738923e-01,2.605029030867967443e-01
2.410000000000000142e+01,-1.262463637653459536e-01,7.271155859010297595e-02,2.643627361773079887e-01,-7.918930264640849925e-02,1.278657180479786937e-01,2.605029030867967443e-01
2.420000000000000284e+01,-1.267425944691749351e-01,7.238621956881853559e-02,2.641483586078098855e-01,-7.739228908019979425e-02,1.289613162792488665e-01,2.605029030867967443e-01
2.430000000000000071e+01,-1.224975961118398432e-01,8.664971314649171086e-02,2.608013012513079043e-01,-7.558012045400128165e-02,1.300316611356954200e-01,2.605029030867967443e-01
2.440000000000000213e+01,-1.202957874214956313e-01,1.084536708950564199e-01,2.500721831393177275e-01,-7.375315162906023736e-02,1.310765430209788474e-01,2.605029030867967443e-01
2.450000000000000000e+01,-1.214850029209412346e-01,1.123316039201703725e-01,2.466228590599041370e-01,-7.191174036481837173e-02,1.320957573249520456e-01,2.605029030867967443e-01
2.460000000000000142e+01,-1.219624868704251575e-01,1.120057978845630936e-01,2.464912031573355256e-01,-7.005624724885507748e-02,1.330891044637274589e-01,2.605029030867967443e-01
2.470000000000000284e+01,-1.219624868704251158e-01,1.120057978845631491e-01,2.464912031573355256e-01,-6.818703562627653758e-02,1.340563899187597885e-01,2.605029030867967443e-01
2.480000000000000071e+01,-1.219624868704251575e-01,1.120057978845630936e-01,2.464912031573355256e-01,-6.630447152856470960e-02,1.349974242749372444e-01,2.605029030867967443e-01
2.490000000000000213e+01,-1.219624868704251158e-01,1.120057978845631491e-01,2.464912031573355256e-01,-6.440892360190082766e-02,1.359120232576727094e-01,2.605029030867967443e-01
2.500000000000000000e+01,-1.219624868704251575e-01,1.120057978845630936e-01,2.464912031573355256e-01,-6.250076303497693886e-02,1.368000077689885685e-01,2.605029030867967443e-01
2.510000000000000142e+01,-1.219624868704251158e-01,1.120057978845631491e-01,2.464912031573355256e-01,-6.058036348630868595e-02,1.376612039225880990e-01,2.605029030867967443e-01
2.520000000000000284e+01,-1.219624868704251575e-01,1.120057978845630936e-01,2.464912031573355256e-01,-5.864810101106510132e-02,1.384954430779062329e-01,2.605029030867967443e-01
2.530000000000000071e+01,-1.219624868704251158e-01,1.120057978845631491e-01,2.464912031573355256e-01,-5.670435398742946359e-02,1.393025618731326687e-01,2.605029030867967443e-01
2.540000000000000213e+01,-1.219624868704251575e-01,1.120057978845630936e-01,2.464912031573355256e-01,-5.474950304250440075e-02,1.400824022572016714e-01,2.605029030867967443e-01
2.550000000000000000e+01,-1.219624868704251158e-01,1.120057978845631491e-01,2.464912031573355256e-01,-5.278393097777647758e-02,1.408348115207422591e-01,2.605029030867967443e-01
2.560000000000000142e+01,-1.219624868704251575e-01,1.120057978845630936e-01,2.464912031573355256e-01,-5.080802269415673339e-02,1.415596423259811720e-01,2.605029030867967443e-01
2.570000000000000284e+01,-1.219624868704251158e-01,1.120057978845631491e-01,2.464912031573355256e-01,-4.882216511660809194e-02,1.422567527355953765e-01,2.605029030867967443e-01
2.580000000000000071e+01,-1.219624868704251575e-01,1.120057978845630936e-01,2.464912031573355256e-01,-4.682674711837703924e-02,1.429260062405062481e-01,2.605029030867967443e-01
2.590000000000000213e+01,-1.219624868704251158e-01,1.120057978845631491e-01,2.464912031573355256e-01,-4.482215944484428671e-02,1.435672717866109949e-01,2.605029030867967443e-01
2.600000000000000000e+01,-1.219624868704251575e-01,1.120057978845630936e-01,2.464912031573355256e-01,-4.280879463700878323e-02,1.441804238004455174e-01,2.605029030867967443e-01
2.610000000000000142e+01,-1.219624868704251158e-01,1.120057978845631491e-01,2.464912031573355256e-01,-4.078704695461909252e-02,1.447653422137749335e-01,2.605029030867967443e-01
2.620000000000000284e+01,-1.219624868704251575e-01,1.120057978845630936e-01,2.464912031573355256e-01,-3.875731229896933749e-02,1.453219124871050760e-01,2.605029030867967443e-01
2.630000000000000071e+01,-1.219624868704251158e-01,1.120057978845631491e-01,2.464912031573355256e-01,-3.671998813537350609e-02,1.458500256321118849e-01,2.605029030867967443e-01
2.640000000000000213e+01,-1.219624868704251575e-01,1.120057978845630936e-01,2.464912031573355256e-01,-3.467547341533303712e-02,1.463495782329836403e-01,2.605029030867967443e-01
2.650000000000000000e+01,-1.219624868704251158e-01,1.120057978845631491e-01,2.464912031573355256e-01,-3.262416849841335426e-02,1.468204724666720418e-01,2.605029030867967443e-01
2.660000000000000142e+01,-1.219624868704251575e-01,1.120057978845630936e-01,2.464912031573355256e-01,-3.056647507384508897e-02,1.472626161220480234e-01,2.605029030867967443e-01
2.670000000000000284e+01,-1.219624868704251158e-01,1.120057978845631491e-01,2.464912031573355256e-01,-2.850279608186551475e-02,1.476759226179584772e-01,2.605029030867967443e-01
2.680000000000000071e+01,-1.219624868704251575e-01,1.120057978845630936e-01,2.464912031573355256e-01,-2.643353563481277632e-02,1.480603110201810513e-01,2.605029030867967443e-01
2.690000000000000213e+01,-1.219624868704251158e-01,1.120057978845631491e-01,2.464912031573355256e-01,-2.435909893799338699e-02,1.484157060572725007e-01,2.605029030867967443e-01
2.700000000000000000e+01,-1.219614728452005914e-01,1.120143077554637961e-01,2.464861391912328004e-01,-2.227989221033374254e-02,1.487420381353085352e-01,2.605029030867967443e-01
2.710000000000000142e+01,-1.219624868704251991e-01,1.120057978845630520e-01,2.464912031573355256e-01,-2.019632260483427907e-02,1.490392433515117243e-01,2.605029030867967443e-01
2.720000000000000284e+01,-1.219624868704251575e-01,1.120057978845630936e-01,2.464912031573355256e-01,-1.810879812883930962e-02,1.493072635067651810e-01,2.605029030867967443e-01
2.730000000000000071e+01,-1.219624868704251158e-01,1.120057978845631491e-01,2.464912031573355256e-01,-1.601772756414151719e-02,1.495460461170090849e-01,2.605029030867967443e-01
2.740000000000000213e+01,-1.219624868704251575e-01,1.120057978845630936e-01,2.464912031573355256e-01,-1.392352038693346790e-02,1.497555444235181554e-01,2.605029030867967443e-01
2.750000000000000000e+01,-1.219624868704251158e-01,1.120057978845631491e-01,2.464912031573355256e-01,-1.182658668762298637e-02,1.499357174020580497e-01,2.605029030867967443e-01
2.760000000000000142e+01,-1.219614728452005914e-01,1.120143077554637961e-01,2.464861391912328004e-01,-9.727337090529053834e-03,1.500865297709187696e-01,2.605029030867967443e-01
2.770000000000000284e+01,-1.219614728452005220e-01,1.120143077554638517e-01,2.464861391912328004e-01,-7.626182673473196061e-03,1.502079519978236077e-01,2.605029030867967443e-01
2.780000000000000071e+01,-1.219624868704251575e-01,1.120057978845630936e-01,2.464912031573355256e-01,-5.523534887280901612e-03,1.502999603057121880e-01,2.605029030867967443e-01
2.790000000000000213e+01,-1.220057055778176747e-01,1.118437122925138721e-01,2.465697456513862851e-01,-3.419805475211167012e-03,1.503625366773964078e-01,2.605029030867967443e-01
2.800000000000000000e+01,-1.220955500731505522e-01,1.115487732003909022e-01,2.467037857466318485e-01,-1.315406392328660095e-03,1.503956688590887825e-01,2.605029030867967443e-01
2.810000000000000142e+01,-1.221287818979889944e-01,1.114711766489452360e-01,2.467317937593232757e-01,7.892502751661318715e-04,1.503993503628018036e-01,2.605029030867967443e-01
2.820000000000000284e+01,-1.221287818979890222e-01,1.114711766489451666e-01,2.467317937593232757e-01,2.893752390632429051e-03,1.503735804676186172e-01,2.605029030867967443e-01
2.830000000000000071e+01,-1.221287818979889944e-01,1.114711766489452360e-01,2.467317937593232757e-01,4.997687847694032813e-03,1.503183642198340220e-01,2.605029030867967443e-01
2.840000000000000213e+01,-1.221287818979890222e-01,1.114711766489451666e-01,2.467317937593232757e-01,7.100644650938209290e-03,1.502337124319663986e-01,2.605029030867967443e-01
2.850000000000000000e+01,-1.221287818979889944e-01,1.114711766489452360e-01,2.467317937593232757e-01,9.202210996593634604e-03,1.501196416806403200e-01,2.605029030867967443e-01
2.860000000000000142e+01,-1.221287818979890222e-01,1.114711766489451666e-01,2.467317937593232757e-01,1.130197535317062005e-02,1.499761743033405648e-01,2.605029030867967443e-01
2.870000000000000284e+01,-1.221287818979889944e-01,1.114711766489452360e-01,2.467317937593232757e-01,1.339952654204669066e-02,1.498033383940379770e-01,2.605029030867967443e-01
2.880000000000000071e+01,-1.221287818979890222e-01,1.114711766489451666e-01,2.467317937593232757e-01,1.549445381798538086e-02,1.496011677976879506e-01,2.605029030867967443e-01
2.890000000000000213e+01,-1.221287818979889944e-01,1.114711766489452360e-01,2.467317937593232757e-01,1.758634694956778474e-02,1.493697021036029804e-01,2.605029030867967443e-01
2.900000000000000000e+01,-1.221287818979890222e-01,1.114711766489451666e-01,2.467317937593232757e-01,1.967479629952566950e-02,1.491089866377001416e-01,2.605029030867967443e-01
2.910000000000000142e+01,-1.221287818979889944e-01,1.114711766489452360e-01,2.467317937593232757e-01,2.175939290495612286e-02,1.488190724536254117e-01,2.605029030867967443e-01
2.920000000000000284e+01,-1.221287818979890222e-01,1.114711766489451666e-01,2.467317937593232757e-01,2.383972855740613614e-02,1.485000163227561953e-01,2.605029030867967443e-01
2.930000000000000071e+01,-1.221287818979889944e-01,1.114711766489452360e-01,2.467317937593232757e-01,2.591539588280814682e-02,1.481518807230842727e-01,2.605029030867967443e-01
2.940000000000000213e+01,-1.221410349128944639e-01,1.115490284571037799e-01,2.466697470308354678e-01,2.798598842125211289e-02,1.477747338269814192e-01,2.605029030867967443e-01
2.950000000000000000e+01,-1.221402516045291264e-01,1.115574106291936929e-01,2.466646287820719874e-01,3.005110070658008337e-02,1.473686494878495012e-01,2.605029030867967443e-01
2.960000000000000142e+01,-1.221402516045291542e-01,1.115574106291936374e-01,2.466646287820719874e-01,3.211032834578368689e-02,1.469337072256588494e-01,2.605029030867967443e-01
2.970000000000000284e+01,-1.221511366178864855e-01,1.116107754945914049e-01,2.466202051681532781e-01,3.416326809819462962e-02,1.464699922113759933e-01,2.605029030867967443e-01
2.980000000000000071e+01,-1.221511366178865271e-01,1.116107754945913355e-01,2.466202051681532781e-01,3.620951795444610211e-02,1.459775952502859742e-01,2.605029030867967443e-01
2.990000000000000213e+01,-1.221511366178864855e-01,1.116107754945914049e-01,2.466202051681532781e-01,3.824867721519610575e-02,1.454566127642102358e-01,2.605029030867967443e-01
3.000000000000000000e+01,-1.221511366178865271e-01,1.116107754945913355e-01,2.466202051681532781e-01,4.028034656959211812e-02,1.449071467726254780e-01,2.605029030867967443e-01
3.010000000000000142e+01,-1.221511366178864855e-01,1.116107754945914049e-01,2.466202051681532781e-01,4.230412817346496102e-02,1.443293048726859151e-01,2.605029030867967443e-01
3.020000000000000284e+01,-1.221511366178865271e-01,1.116107754945913355e-01,2.466202051681532781e-01,4.431962572723539134e-02,1.437232002181534907e-01,2.605029030867967443e-01
3.030000000000000071e+01,-1.221511366178864855e-01,1.116107754945914049e-01,2.466202051681532781e-01,4.632644455351739993e-02,1.430889514972401577e-01,2.605029030867967443e-01
3.040000000000000213e+01,-1.221511366178865271e-01,1.116107754945913355e-01,2.466202051681532781e-01,4.832419167440502733e-02,1.424266829093658038e-01,2.605029030867967443e-01
3.050000000000000000e+01,-1.221511366178864855e-01,1.116107754945914049e-01,2.466202051681532781e-01,5.031247588842570340e-02,1.417365241408376220e-01,2.605029030867967443e-01
3.060000000000000142e+01,-1.221511366178865271e-01,1.116107754945913355e-01,2.466202051681532781e-01,5.229090784714553880e-02,1.410186103394548418e-01,2.605029030867967443e-01
3.070000000000000284e+01,-1.221511366178864855e-01,1.116107754945914049e-01,2.466202051681532781e-01,5.425910013141255900e-02,1.402730820880435936e-01,2.605029030867967443e-01
3.080000000000000071e+01,-1.221511366178865271e-01,1.116107754945913355e-01,2.466202051681532781e-01,5.621666732722082477e-02,1.395000853769281790e-01,2.605029030867967443e-01
3.090000000000000213e+01,-1.221511366178864855e-01,1.116107754945914049e-01,2.466202051681532781e-01,5.816322610118380282e-02,1.386997715753426896e-01,2.605029030867967443e-01
3.100000000000000000e+01,-1.221511366178865271e-01,1.116107754945913355e-01,2.466202051681532781e-01,6.009839527559807104e-02,1.378722974017900227e-01,2.605029030867967443e-01
3.110000000000000142e+01,-1.221511366178864855e-01,1.116107754945914049e-01,2.466202051681532781e-01,6.202179590308699864e-02,1.370178248933527909e-01,2.605029030867967443e-01
3.120000000000000284e+01,-1.221511366178865271e-01,1.116107754945913355e-01,2.466202051681532781e-01,6.393305134080631835e-02,1.361365213739630098e-01,2.605029030867967443e-01
3.130000000000000071e+01,-1.221511366178864855e-01,1.116107754945914049e-01,2.466202051681532781e-01,6.583178732419842083e-02,1.352285594216368902e-01,2.605029030867967443e-01
3.140000000000000213e+01,-1.221511366178865271e-01,1.116107754945913355e-01,2.466202051681532781e-01,6.771763204028223571e-02,1.342941168346797332e-01,2.605029030867967443e-01
3.150000000000000000e+01,-1.221511366178864855e-01,1.116107754945914049e-01,2.466202051681532781e-01,6.959021620046117185e-02,1.333333765968699181e-01,2.605029030867967443e-01
3.160000000000000142e+01,-1.221511366178865271e-01,1.116107754945913355e-01,2.466202051681532781e-01,7.144917311283849326e-02,1.323465268416262886e-01,2.605029030867967443e-01
3.170000000000000284e+01,-1.221511366178864855e-01,1.116107754945914049e-01,2.466202051681532781e-01,7.329413875402310263e-02,1.313337608151676772e-01,2.605029030867967443e-01
3.180000000000000071e+01,-1.221511366178865271e-01,1.116107754945913355e-01,2.466202051681532781e-01,7.512475184041267351e-02,1.302952768386716198e-01,2.605029030867967443e-01
3.190000000000000213e+01,-1.221511366178864855e-01,1.116107754945914049e-01,2.466202051681532781e-01,7.694065389894158558e-02,1.292312782694381434e-01,2.605029030867967443e-01
3.200000000000000000e+01,-1.221511366178865271e-01,1.116107754945913355e-01,2.466202051681532781e-01,7.874148933727655175e-02,1.281419734610686756e-01,2.605029030867967443e-01
3.210000000000000142e+01,-1.221511366178864855e-01,1.116107754945914049e-01,2.466202051681532781e-01,8.052690551345016712e-02,1.270275757226655700e-01,2.605029030867967443e-01
3.220000000000000284e+01,-1.221511366178865271e-01,1.116107754945913355e-01,2.466202051681532781e-01,8.229655280491483815e-02,1.258883032770619637e-01,2.605029030867967443e-01
3.230000000000000426e+01,-1.221511366178864855e-01,1.116107754945914049e-01,2.466202051681532781e-01,8.405008467700705865e-02,1.247243792180887517e-01,2.605029030867967443e-01
3.239999999999999858e+01,-1.221511366178865271e-01,1.116107754945913355e-01,2.466202051681532781e-01,8.578715775080594796e-02,1.235360314668882409e-01,2.605029030867967443e-01
3.250000000000000000e+01,-1.221511366178864855e-01,1.116107754945914049e-01,2.466202051681532781e-01,8.750743187037388071e-02,1.223234927272825318e-01,2.605029030867967443e-01
3.260000000000000142e+01,-1.221511366178865271e-01,1.116107754945913355e-01,2.466202051681532781e-01,8.921057016936702333e-02,1.210870004402045952e-01,2.605029030867967443e-01
3.270000000000000284e+01,-1.221511366178864855e-01,1.116107754945914049e-01,2.466202051681532781e-01,9.089623913700003999e-02,1.198267967372030202e-01,2.605029030867967443e-01
3.280000000000000426e+01,-1.221511366178865271e-01,1.116107754945913355e-01,2.466202051681532781e-01,9.256410868335541997e-02,1.185431283930267893e-01,2.605029030867967443e-01
3.289999999999999858e+01,-1.221511366178864855e-01,1.116107754945914049e-01,2.466202051681532781e-01,9.421385220402175853e-02,1.172362467773018224e-01,2.605029030867967443e-01
3.300000000000000000e+01,-1.221511366178865271e-01,1.116107754945913355e-01,2.466202051681532781e-01,9.584514664404955586e-02,1.159064078053077401e-01,2.605029030867967443e-01
3.310000000000000142e+01,-1.221511366178864855e-01,1.116107754945914049e-01,2.466202051681532781e-01,9.745767256121301569e-02,1.145538718878635481e-01,2.605029030867967443e-01
3.320000000000000284e+01,-1.221511366178865271e-01,1.116107754945913355e-01,2.466202051681532781e-01,9.905111418856278604e-02,1.131789038803343722e-01,2.605029030867967443e-01
3.330000000000000426e+01,-1.221511366178864855e-01,1.116107754945914049e-01,2.466202051681532781e-01,1.006251594962606910e-01,1.117817730307663626e-01,2.605029030867967443e-01
3.339999999999999858e+01,-1.221511366178865271e-01,1.116107754945913355e-01,2.466202051681532781e-01,1.021795002526810353e-01,1.103627529271629937e-01,2.605029030867967443e-01
3.350000000000000000e+01,-1.221511366178864855e-01,1.116107754945914049e-01,2.466202051681532781e-01,1.037138320847695999e-01,1.089221214439100166e-01,2.605029030867967443e-01
3.360000000000000142e+01,-1.221511366178865271e-01,1.116107754945913355e-01,2.466202051681532781e-01,1.052278545376460483e-01,1.074601606873620413e-01,2.605029030867967443e-01
3.370000000000000284e+01,-1.221511366178864855e-01,1.116107754945914049e-01,2.466202051681532781e-01,1.067212711334392106e-01,1.059771569406002673e-01,2.605029030867967443e-01
3.380000000000000426e+01,-1.221511366178865271e-01,1.116107754945913355e-01,2.466202051681532781e-01,1.081937894293443364e-01,1.044734006073716748e-01,2.605029030867967443e-01
3.389999999999999858e+01,-1.221511366178864855e-01,1.116107754945914049e-01,2.466202051681532781e-01,1.096451210748888849e-01,1.029491861552223608e-01,2.605029030867967443e-01
3.400000000000000000e+01,-1.221511366178865271e-01,1.116107754945913355e-01,2.466202051681532781e-01,1.110749818683984119e-01,1.014048120578339846e-01,2.605029030867967443e-01
3.410000000000000142e+01,-1.221511366178864855e-01,1.116107754945914049e-01,2.466202051681532781e-01,1.124830918126490109e-01,9.984058073657645083e-02,2.605029030867967443e-01
3.420000000000000284e+01,-1.221511366178865271e-01,1.116107754945913355e-01,2.466202051681532781e-01,1.138691751696963850e-01,9.825679850128775372e-02,2.605029030867967443e-01
3.430000000000000426e+01,-1.221511366178864855e-01,1.116107754945914049e-01,2.466202051681532781e-01,1.152329605148720293e-01,9.665377549029116611e-02,2.605029030867967443e-01
3.439999999999999858e+01,-1.221511366178865271e-01,1.116107754945913355e-01,2.466202051681532781e-01,1.165741807899330490e-01,9.503182560966441650e-02,2.605029030867967443e-01
3.450000000000000000e+01,-1.221511366178864855e-01,1.116107754945914049e-01,2.466202051681532781e-01,1.178925733553586874e-01,9.339126647176938800e-02,2.605029030867967443e-01
3.460000000000000142e+01,-1.221511366178865271e-01,1.116107754945913355e-01,2.466202051681532781e-01,1.191878800417800061e-01,9.173241933305766038e-02,2.605029030867967443e-01
3.470000000000000284e+01,-1.221511366178864855e-01,1.116107754945914049e-01,2.466202051681532781e-01,1.204598472005355414e-01,9.005560903116084648e-02,2.605029030867967443e-01
3.480000000000000426e+01,-1.221511366178865271e-01,1.116107754945913355e-01,2.466202051681532781e-01,1.217082257533408929e-01,8.836116392128091912e-02,2.605029030867967443e-01
3.489999999999999858e+01,-1.221511366178864855e-01,1.116107754945914049e-01,2.466202051681532781e-01,1.229327712410633322e-01,8.664941581189142261e-02,2.605029030867967443e-01
3.500000000000000000e+01,-1.221511366178865271e-01,1.116107754945913355e-01,2.466202051681532781e-01,1.241332438715925940e-01,8.492069989976168409e-02,2.605029030867967443e-01
3.510000000000000142e+01,-1.221511366178864855e-01,1.116107754945914049e-01,2.466202051681532781e-01,1.253094085667967872e-01,8.317535470431892952e-02,2.605029030867967443e-01
3.520000000000000284e+01,-1.221511366178865271e-01,1.116107754945913355e-01,2.466202051681532781e-01,1.264610350085560442e-01,8.141372200135817139e-02,2.605029030867967443e-01
3.530000000000000426e+01,-1.221511366178864855e-01,1.116107754945914049e-01,2.466202051681532781e-01,1.275878976838637213e-01,7.963614675611568883e-02,2.605029030867967443e-01
3.539999999999999858e+01,-1.221511366178865271e-01,1.116107754945913355e-01,2.466202051681532781e-01,1.286897759289862275e-01,7.784297705571766035e-02,2.605029030867967443e-01
3.550000000000000000e+01,-1.221511366178864855e-01,1.116107754945914049e-01,2.466202051681532781e-01,1.297664539726743893e-01,7.603456404101657795e-02,2.605029030867967443e-01
3.560000000000000142e+01,-1.221544802602388402e-01,1.115898628548313426e-01,2.466319488002210736e-01,1.308177209784152917e-01,7.421126183783124941e-02,2.605029030867967443e-01
3.570000000000000284e+01,-1.221544802602387986e-01,1.115898628548313981e-01,2.466319488002210736e-01,1.318433710857193075e-01,7.237342748760060285e-02,2.605029030867967443e-01
3.580000000000000426e+01,-1.221617423613115955e-01,1.114862388738599164e-01,2.466970170043017718e-01,1.328432034504312409e-01,7.052142087746814114e-02,2.605029030867967443e-01
3.589999999999999858e+01,-1.221713981028511448e-01,1.113994715835974481e-01,2.467487669850832732e-01,1.338170222840605605e-01,6.865560466980760723e-02,2.605029030867967443e-01
3.600000000000000000e+01,-1.222300458912988774e-01,1.112951194751670148e-01,2.467759000040968542e-01,1.347646368921205651e-01,6.677634423120636098e-02,2.605029030867967443e-01
3.610000000000000142e+01,-1.222510074949196418e-01,1.111290476077985562e-01,2.468727949182040748e-01,1.356858617114703458e-01,6.488400756091912414e-02,2.605029030867967443e-01
3.620000000000000284e+01,-1.222453366497787686e-01,1.111118236901361134e-01,2.468886704776976360e-01,1.365805163466525252e-01,6.297896521880504139e-02,2.605029030867967443e-01
3.630000000000000426e+01,-1.222453366497787131e-01,1.111118236901361689e-01,2.468886704776976360e-01,1.374484256052177777e-01,6.106159025276512720e-02,2.605029030867967443e-01
3.639999999999999858e+01,-1.222453366497787686e-01,1.111118236901361134e-01,2.468886704776976360e-01,1.382894195320319708e-01,5.913225812569070788e-02,2.605029030867967443e-01
3.650000000000000000e+01,-1.222600014936313234e-01,1.111253654988780537e-01,2.468685907827569415e-01,1.391033334425566814e-01,5.719134664194014395e-02,2.605029030867967443e-01
3.660000000000000142e+01,-1.222658209646024646e-01,1.111204153301298264e-01,2.468676077372108646e-01,1.398900079550976783e-01,5.523923587335700242e-02,2.605029030867967443e-01
3.670000000000000284e+01,-1.222593477070031409e-01,1.110706279668168123e-01,2.469061055321849218e-01,1.406492890220158720e-01,5.327630808484310615e-02,2.605029030867967443e-01
3.680000000000000426e+01,-1.222593477070031964e-01,1.110706279668167568e-01,2.469061055321849218e-01,1.413810279598923803e-01,5.130294765950384195e-02,2.605029030867967443e-01
3.689999999999999858e+01,-1.222593477070031409e-01,1.110706279668168123e-01,2.469061055321849218e-01,1.420850814786447647e-01,4.931954102337678114e-02,2.605029030867967443e-01
3.700000000000000000e+01,-1.222593477070031964e-01,1.110706279668167568e-01,2.469061055321849218e-01,1.427613117095854200e-01,4.732647656976224360e-02,2.605029030867967443e-01
3.710000000000000142e+01,-1.222593477070031409e-01,1.110706279668168123e-01,2.469061055321849218e-01,1.434095862324198667e-01,4.532414458316669920e-02,2.605029030867967443e-01
3.720000000000000284e+01,-1.221046173899971304e-01,1.111090189762472674e-01,2.469952130094970333e-01,1.440297781011771194e-01,4.331293716287714507e-02,2.605029030867967443e-01
3.730000000000000426e+01,-1.220371374150754223e-01,1.111056918382568315e-01,2.470475747460886273e-01,1.446217658690684971e-01,4.129324814618004491e-02,2.605029030867967443e-01
3.739999999999999858e+01,-1.205153243909984212e-01,1.115281619193931734e-01,2.478818664930530491e-01,1.451854336122695432e-01,3.926547303123878452e-02,2.605029030867967443e-01
3.750000000000000000e+01,-1.164433213150270208e-01,1.122182601926452611e-01,2.503144711620316487e-01,1.457206709526202570e-01,3.723000889964762222e-02,2.605029030867967443e-01
3.760000000000000142e+01,-1.140411485462501512e-01,1.124780553874565880e-01,2.517827236243212474e-01,1.462273730792396642e-01,3.518725433867381930e-02,2.605029030867967443e-01
3.770000000000000284e+01,-9.619481688812005216e-02,1.210876373797576122e-01,2.568398241572588114e-01,1.467054407690499274e-01,3.313760936320614414e-02,2.605029030867967443e-01
3.780000000000000426e+01,-8.021074835004129988e-02,1.249716242385149195e-01,2.620870940191466492e-01,1.471547804062062481e-01,3.108147533742375637e-02,2.605029030867967443e-01
3.789999999999999858e+01,-6.126279716821296517e-02,1.191099327650972373e-01,2.731240129250769866e-01,1.475753040004290639e-01,2.901925489619969212e-02,2.605029030867967443e-01
3.800000000000000000e+01,-8.109902089993348273e-03,1.387138153071630353e-01,2.695304688768954682e-01,1.479669292042341822e-01,2.695135186625740795e-02,2.605029030867967443e-01
3.810000000000000142e+01,-8.051437409805005732e-03,1.387075765775711567e-01,2.695375735426401853e-01,1.483295793290583808e-01,2.487817118709183262e-02,2.605029030867967443e-01
3.820000000000000284e+01,3.226768763039901400e-02,1.598566605877483893e-01,2.489884290689581281e-01,1.486631833602764519e-01,2.280011883167464698e-02,2.605029030867967443e-01
3.830000000000000426e+01,3.260830702938642689e-02,1.599422091035296312e-01,2.488398158409783623e-01,1.489676759711076603e-01,2.071760172695520305e-02,2.605029030867967443e-01
3.840000000000000568e+01,4.430972996135149750e-02,1.667168322483346399e-01,2.391818538824626861e-01,1.492429975354078731e-01,1.863102767417592828e-02,2.605029030867967443e-01
3.850000000000000000e+01,4.663358108846949596e-02,1.672640522803113539e-01,2.379132907460472790e-01,1.494890941393456352e-01,1.654080526901657161e-02,2.605029030867967443e-01
3.860000000000000142e+01,4.668249106991185365e-02,1.674582081995708849e-01,2.376882532615264554e-01,1.497059175919598362e-01,1.444734382158151427e-02,2.605029030867967443e-01
3.870000000000000284e+01,4.667754314173625657e-02,1.674876080737240092e-01,2.376578597752765643e-01,1.498934254345964390e-01,1.235105327624920132e-02,2.605029030867967443e-01
3.880000000000000426e+01,4.671294059080198513e-02,1.674759061455764197e-01,2.376598481167250254e-01,1.500515809492226349e-01,1.025234413139534603e-02,2.605029030867967443e-01
3.890000000000000568e+01,4.670984919543357677e-02,1.674735278082970791e-01,2.376633634181509191e-01,1.501803531656172586e-01,8.151627359009015056e-03,2.605029030867967443e-01
3.900000000000000000e+01,4.679572016197340589e-02,1.675836774798283024e-01,2.375177613332263293e-01,1.502797168674352424e-01,6.049314324215932827e-03,2.605029030867967443e-01
3.910000000000000142e+01,4.682746928441616080e-02,1.676160012121759579e-01,2.374729929298469433e-01,1.503496525971456943e-01,3.945816704723506541e-03,2.605029030867967443e-01
3.920000000000000284e+01,4.712056045677574800e-02,1.676051794632201775e-01,2.373954428636301794e-01,1.503901466598417946e-01,1.841546410206625073e-03,2.605029030867967443e-01
3.930000000000000426e+01,4.712056045677574800e-02,1.676051794632201775e-01,2.373954428636301794e-01,1.504011911259229006e-01,-2.630844983540483670e-04,2.605029030867967443e-01
3.940000000000000568e+01,5.028914842421172010e-02,1.646995363833787807e-01,2.395113267309879612e-01,1.503827838326471378e-01,-2.367663889361831895e-03,2.605029030867967443e-01
3.950000000000000000e+01,5.025859332517509936e-02,1.646948750655501670e-01,2.395260598664934182e-01,1.503349283845548945e-01,-4.471779641307946362e-03,2.605029030867967443e-01
3.960000000000000142e+01,5.026562370879970876e-02,1.647007550681146015e-01,2.395176071446080968e-01,1.502576341527630810e-01,-6.575019723474540348e-03,2.605029030867967443e-01
3.970000000000000284e+01,5.026562370879970876e-02,1.647007550681146015e-01,2.395176071446080968e-01,1.501509162731299030e-01,-8.676972276618039048e-03,2.605029030867967443e-01
3.980000000000000426e+01,5.379096500414761589e-02,1.611786530055104028e-01,2.419937874298835057e-01,1.500147956432912044e-01,-1.077722569362103353e-02,2.605029030867967443e-01
3.990000000000000568e+01,5.380533508139949406e-02,1.612046959912966926e-01,2.419625226583895228e-01,1.498492989185679913e-01,-1.287536870009265214e-02,2.605029030867967443e-01
4.000000000000000000e+01,5.380533508139949406e-02,1.612046959912966926e-01,2.419625226583895228e-01,1.496544585067468847e-01,-1.497099043490579540e-02,2.605029030867967443e-01
4.010000000000000142e+01,5.381810467722176333e-02,1.612079576911097378e-01,2.419548928220480732e-01,1.494303125617340022e-01,-1.706368053065210680e-02,2.605029030867967443e-01
4.020000000000000284e+01,5.381177126353994117e-02,1.612162949110040044e-01,2.419485819582323505e-01,1.491769049760834909e-01,-1.915302919400024492e-02,2.605029030867967443e-01
4.030000000000000426e+01,5.381177126353994117e-02,1.612162949110040044e-01,2.419485819582323505e-01,1.488942853724025961e-01,-2.123862728594308816e-02,2.605029030867967443e-01
4.040000000000000568e+01,5.381177126353994117e-02,1.612162949110040044e-01,2.419485819582323505e-01,1.485825090936343795e-01,-2.332006640191487332e-02,2.605029030867967443e-01
4.050000000000000000e+01,5.381858012775315309e-02,1.612221916110635755e-01,2.419402963788699068e-01,1.482416371922204712e-01,-2.539693895176628816e-02,2.605029030867967443e-01
4.060000000000000142e+01,5.381305803510227220e-02,1.612247481068563582e-01,2.419395729633353753e-01,1.478717364181455218e-01,-2.746883823957908463e-02,2.605029030867967443e-01
4.070000000000000284e+01,5.380617559325597682e-02,1.612955251822893454e-01,2.418700833644494008e-01,1.474728792058664362e-01,-2.953535854330533242e-02,2.605029030867967443e-01
4.080000000000000426e+01,5.380550641057936512e-02,1.612814743962339703e-01,2.418845729436900904e-01,1.470451436601278028e-01,-3.159609519421736207e-02,2.605029030867967443e-01
4.090000000000000568e+01,5.379432294241967560e-02,1.613206872206378317e-01,2.418485489778401387e-01,1.465886135406677115e-01,-3.365064465614949624e-02,2.605029030867967443e-01
4.100000000000000000e+01,5.379360118606000413e-02,1.613687602977560698e-01,2.417999599676463329e-01,1.461033782458154018e-01,-3.569860460452007472e-02,2.605029030867967443e-01
4.110000000000000142e+01,5.379360118606000413e-02,1.613687602977560698e-01,2.417999599676463329e-01,1.455895327949855711e-01,-3.773957400511415705e-02,2.605029030867967443e-01
4.120000000000000284e+01,5.379360118606000413e-02,1.613687602977560698e-01,2.417999599676463329e-01,1.450471778100712039e-01,-3.977315319261544302e-02,2.605029030867967443e-01
4.130000000000000426e+01,5.379360118606000413e-02,1.613687602977560698e-01,2.417999599676463329e-01,1.444764194957397774e-01,-4.179894394886891906e-02,2.605029030867967443e-01
4.140000000000000568e+01,5.379360118606000413e-02,1.613687602977560698e-01,2.417999599676463329e-01,1.438773696186363693e-01,-4.381654958086002999e-02,2.605029030867967443e-01
4.150000000000000000e+01,5.379360118606000413e-02,1.613687602977560698e-01,2.417999599676463329e-01,1.432501454854968048e-01,-4.582557499839653298e-02,2.605029030867967443e-01
4.160000000000000142e+01,5.379360118606000413e-02,1.613687602977560698e-01,2.417999599676463329e-01,1.425948699201771697e-01,-4.782562679147462498e-02,2.605029030867967443e-01
4.170000000000000284e+01,5.379360118606000413e-02,1.613687602977560698e-01,2.417999599676463329e-01,1.419116712396017721e-01,-4.981631330731782492e-02,2.605029030867967443e-01
4.180000000000000426e+01,5.379360118606000413e-02,1.613687602977560698e-01,2.417999599676463329e-01,1.412006832286360758e-01,-5.179724472707052801e-02,2.605029030867967443e-01
4.190000000000000568e+01,5.379360118606000413e-02,1.613687602977560698e-01,2.417999599676463329e-01,1.404620451138890447e-01,-5.376803314213259716e-02,2.605029030867967443e-01
4.200000000000000000e+01,5.381007566519501600e-02,1.613750565313032126e-01,2.417879801748977209e-01,1.396959015364491186e-01,-5.572829263012084311e-02,2.605029030867967443e-01
4.210000000000000142e+01,5.384666294392364411e-02,1.614048961133312809e-01,2.417452441168287391e-01,1.389024025235609250e-01,-5.767763933044003921e-02,2.605029030867967443e-01
4.220000000000000284e+01,5.386182985646262994e-02,1.613826487454737835e-01,2.417627159541313742e-01,1.380817034592462800e-01,-5.961569151945185496e-02,2.605029030867967443e-01
4.230000000000000426e+01,5.388352106416152698e-02,1.614345158660854818e-01,2.417026133853641678e-01,1.372339650538770828e-01,-6.154206968522355631e-02,2.605029030867967443e-01
4.240000000000000568e+01,5.394086479348998014e-02,1.614199525345168529e-01,2.416979466722951331e-01,1.363593533127044621e-01,-6.345639660184540509e-02,2.605029030867967443e-01
4.250000000000000000e+01,5.395868150743254182e-02,1.614688406714666624e-01,2.416421450438404617e-01,1.354580395033516127e-01,-6.535829740329911208e-02,2.605029030867967443e-01
4.260000000000000142e+01,5.397169751083678857e-02,1.614665393135320537e-01,2.416400596774110621e-01,1.345302001222760113e-01,-6.724739965686431231e-02,2.605029030867967443e-01
4.270000000000000284e+01,5.465750966318248805e-02,1.613551901470889893e-01,2.415184948419669131e-01,1.335760168602072584e-01,-6.912333343604958047e-02,2.605029030867967443e-01
4.280000000000000426e+01,5.634670356188190704e-02,1.609743439856821667e-01,2.413141043139018227e-01,1.325956765665687875e-01,-7.098573139303102075e-02,2.605029030867967443e-01
4.290000000000000568e+01,6.639314115136148164e-02,1.541992001574972460e-01,2.441372562772230193e-01,1.315893712128880788e-01,-7.283422883058766895e-02,2.605029030867967443e-01
4.300000000000000000e+01,7.209174102771695458e-02,1.530529794583483927e-01,2.427765469388644126e-01,1.305572978552050067e-01,-7.466846377351650521e-02,2.605029030867967443e-01
4.310000000000000142e+01,9.169683393792020520e-02,1.428865537759299309e-01,2.421419700928621743e-01,1.294996585954840407e-01,-7.648807703951475412e-02,2.605029030867967443e-01
4.320000000000000284e+01,9.372024425003942782e-02,1.424548548955787142e-01,2.413482803771558605e-01,1.284166605420380414e-01,-7.829271230951602434e-02,2.605029030867967443e-01
4.330000000000000426e+01,1.102685624241991069e-01,1.305896692210463950e-01,2.409183241718680368e-01,1.273085157689724523e-01,-8.008201619746445343e-02,2.605029030867967443e-01
4.340000000000000568e+01,1.112211320786806595e-01,1.304393929737378832e-01,2.403733182203845742e-01,1.261754412746563525e-01,-8.185563831951601921e-02,2.605029030867967443e-01
4.350000000000000000e+01,1.112211320786806595e-01,1.304393929737378832e-01,2.403733182203845742e-01,1.250176589392297810e-01,-8.361323136265030875e-02,2.605029030867967443e-01
4.360000000000000142e+01,1.112211320786806595e-01,1.304393929737378832e-01,2.403733182203845742e-01,1.238353954811546587e-01,-8.535445115268261440e-02,2.605029030867967443e-01
4.370000000000000284e+01,1.112211320786806595e-01,1.304393929737378832e-01,2.403733182203845742e-01,1.226288824128186211e-01,-8.707895672166021672e-02,2.605029030867967443e-01
4.380000000000000426e+01,1.112211320786806595e-01,1.304393929737378832e-01,2.403733182203845742e-01,1.213983559952000052e-01,-8.878641037463080865e-02,2.605029030867967443e-01
4.390000000000000568e+01,1.112211320786806595e-01,1.304393929737378832e-01,2.403733182203845742e-01,1.201440571916027183e-01,-9.047647775577122298e-02,2.605029030867967443e-01
4.400000000000000000e+01,1.112211320786806595e-01,1.304393929737378832e-01,2.403733182203845742e-01,1.188662316204707331e-01,-9.214882791386046212e-02,2.605029030867967443e-01
4.410000000000000142e+01,1.113087388797107807e-01,1.302454182106861924e-01,2.404720595495446200e-01,1.175651295072905334e-01,-9.380313336708785699e-02,2.605029030867967443e-01
4.420000000000000284e+01,1.114708171817236082e-01,1.299845052760734421e-01,2.405730157170585248e-01,1.162410056355916571e-01,-9.543907016718057579e-02,2.605029030867967443e-01
4.430000000000000426e+01,1.115234548417051025e-01,1.298440358276991280e-01,2.406515998974796955e-01,1.148941192970549668e-01,-9.705631796283932522e-02,2.605029030867967443e-01
4.440000000000000568e+01,1.115986958825981451e-01,1.297740316627006285e-01,2.406559988633331371e-01,1.135247342407372656e-01,-9.865456006247072529e-02,2.605029030867967443e-01
4.450000000000000000e+01,1.116243272714916718e-01,1.297775383317911757e-01,2.406349558008890610e-01,1.121331186214242076e-01,-1.002334834962013976e-01,2.605029030867967443e-01
4.460000000000000142e+01,1.115952162159478261e-01,1.297663459884365600e-01,2.406647918865729430e-01,1.107195449471192611e-01,-1.017927790771649271e-01,2.605029030867967443e-01
4.470000000000000284e+01,1.115885844465436677e-01,1.297865679452817889e-01,2.406528348866439904e-01,1.092842900256814631e-01,-1.033321414620465561e-01,2.605029030867967443e-01
4.480000000000000426e+01,1.116600550609524040e-01,1.295521079848993007e-01,2.407950696185302553e-01,1.078276349106200155e-01,-1.048512692108765215e-01,2.605029030867967443e-01
4.490000000000000568e+01,1.116282321559991797e-01,1.295537904191574885e-01,2.408162105549855880e-01,1.063498648460581564e-01,-1.063498648460581425e-01,2.605029030867967443e-01
4.500000000000000000e+01,1.116180067070864368e-01,1.295390292838798918e-01,2.408355660366916506e-01,1.048512692108766325e-01,-1.078276349106199322e-01,2.605029030867967443e-01
4.510000000000000142e+01,1.116154411991450712e-01,1.295519563891387171e-01,2.408267666772605231e-01,1.033321414620466117e-01,-1.092842900256814354e-01,2.605029030867967443e-01
4.520000000000000284e+01,1.116034953551227477e-01,1.295471442142257512e-01,2.408391684823513734e-01,1.017927790771649410e-01,-1.107195449471192611e-01,2.605029030867967443e-01
4.530000000000000426e+01,1.115905185565014834e-01,1.295455695174496380e-01,2.408496394000451679e-01,1.002334834962014531e-01,-1.121331186214241382e-01,2.605029030867967443e-01
4.540000000000000568e+01,1.115759049974952566e-01,1.295533248759161427e-01,2.408536061233047809e-01,9.865456006247075305e-02,-1.135247342407372378e-01,2.605029030867967443e-01
4.550000000000000000e+01,1.115440680683208730e-01,1.295278006007306859e-01,2.408970618485664905e-01,9.705631796283940849e-02,-1.148941192970548975e-01,2.605029030867967443e-01
4.560000000000000142e+01,1.115506666068233482e-01,1.295075606396751122e-01,2.409090060708093117e-01,9.543907016718061742e-02,-1.162410056355916155e-01,2.605029030867967443e-01
4.570000000000000284e+01,1.115424494851107590e-01,1.295104577128853851e-01,2.409124357188099363e-01,9.380313336708796801e-02,-1.175651295072904501e-01,2.605029030867967443e-01
4.580000000000000426e+01,1.115424494851107590e-01,1.295104577128853851e-01,2.409124357188099363e-01,9.214882791386051764e-02,-1.188662316204706776e-01,2.605029030867967443e-01
4.590000000000000568e+01,1.115424494851107590e-01,1.295104577128853851e-01,2.409124357188099363e-01,9.047647775577123685e-02,-1.201440571916026906e-01,2.605029030867967443e-01
4.600000000000000000e+01,1.115424494851107590e-01,1.295104577128853851e-01,2.409124357188099363e-01,8.878641037463089192e-02,-1.213983559951999497e-01,2.605029030867967443e-01
4.610000000000000142e+01,1.115424494851107590e-01,1.295104577128853851e-01,2.409124357188099363e-01,8.707895672166024448e-02,-1.226288824128185656e-01,2.605029030867967443e-01
4.620000000000000284e+01,1.115424494851107590e-01,1.295104577128853851e-01,2.409124357188099363e-01,8.535445115268273930e-02,-1.238353954811546032e-01,2.605029030867967443e-01
4.630000000000000426e+01,1.115424494851107590e-01,1.295104577128853851e-01,2.409124357188099363e-01,8.361323136265037814e-02,-1.250176589392297255e-01,2.605029030867967443e-01
4.640000000000000568e+01,1.115424494851107590e-01,1.295104577128853851e-01,2.409124357188099363e-01,8.185563831951601921e-02,-1.261754412746563525e-01,2.605029030867967443e-01
4.650000000000000000e+01,1.115424494851107590e-01,1.295104577128853851e-01,2.409124357188099363e-01,8.008201619746450894e-02,-1.273085157689724245e-01,2.605029030867967443e-01
4.660000000000000142e+01,1.115424494851107590e-01,1.295104577128853851e-01,2.409124357188099363e-01,7.829271230951606597e-02,-1.284166605420379859e-01,2.605029030867967443e-01
4.670000000000000284e+01,1.115424494851107590e-01,1.295104577128853851e-01,2.409124357188099363e-01,7.648807703951483739e-02,-1.294996585954839852e-01,2.605029030867967443e-01
4.680000000000000426e+01,1.115424494851107590e-01,1.295104577128853851e-01,2.409124357188099363e-01,7.466846377351654684e-02,-1.305572978552049790e-01,2.605029030867967443e-01
4.690000000000000568e+01,1.115424494851107590e-01,1.295104577128853851e-01,2.409124357188099363e-01,7.283422883058777997e-02,-1.315893712128880233e-01,2.605029030867967443e-01
4.700000000000000000e+01,1.293036291716957997e-01,1.150176013839319389e-01,2.385696422481866641e-01,7.098573139303110402e-02,-1.325956765665687598e-01,2.605029030867967443e-01
4.710000000000000142e+01,1.322229207014631036e-01,1.151594913420549565e-01,2.359843826706108094e-01,6.912333343604962210e-02,-1.335760168602072584e-01,2.605029030867967443e-01
4.720000000000000284e+01,1.322905537635618023e-01,1.151861937683019144e-01,2.359055874027517208e-01,6.724739965686442333e-02,-1.345302001222759558e-01,2.605029030867967443e-01
4.730000000000000426e+01,1.322905537635618023e-01,1.151861937683019144e-01,2.359055874027517208e-01,6.535829740329916759e-02,-1.354580395033516127e-01,2.605029030867967443e-01
4.740000000000000568e+01,1.322905537635618023e-01,1.151861937683019144e-01,2.359055874027517208e-01,6.345639660184550224e-02,-1.363593533127044066e-01,2.605029030867967443e-01
4.750000000000000000e+01,1.322905537635618023e-01,1.151861937683019144e-01,2.359055874027517208e-01,6.154206968522363264e-02,-1.372339650538770550e-01,2.605029030867967443e-01
4.760000000000000142e+01,1.322905537635618023e-01,1.151861937683019144e-01,2.359055874027517208e-01,5.961569151945186884e-02,-1.380817034592462800e-01,2.605029030867967443e-01
4.770000000000000284e+01,1.322905537635618023e-01,1.151861937683019144e-01,2.359055874027517208e-01,5.767763933044013636e-02,-1.389024025235608695e-01,2.605029030867967443e-01
4.780000000000000426e+01,1.322905537635618023e-01,1.151861937683019144e-01,2.359055874027517208e-01,5.572829263012088474e-02,-1.396959015364490908e-01,2.605029030867967443e-01
4.790000000000000568e+01,1.322905537635618023e-01,1.151861937683019144e-01,2.359055874027517208e-01,5.376803314213269430e-02,-1.404620451138889892e-01,2.605029030867967443e-01
4.800000000000000000e+01,1.322905537635618023e-01,1.151861937683019144e-01,2.359055874027517208e-01,5.179724472707056965e-02,-1.412006832286360480e-01,2.605029030867967443e-01
4.810000000000000142e+01,1.322905537635618023e-01,1.151861937683019144e-01,2.359055874027517208e-01,4.981631330731795676e-02,-1.419116712396017166e-01,2.605029030867967443e-01
4.820000000000000284e+01,1.322905537635618023e-01,1.151861937683019144e-01,2.359055874027517208e-01,4.782562679147471518e-02,-1.425948699201771419e-01,2.605029030867967443e-01
4.830000000000000426e+01,1.322905537635618023e-01,1.151861937683019144e-01,2.359055874027517208e-01,4.582557499839658155e-02,-1.432501454854967771e-01,2.605029030867967443e-01
4.840000000000000568e+01,1.322905537635618023e-01,1.151861937683019144e-01,2.359055874027517208e-01,4.381654958086012713e-02,-1.438773696186363416e-01,2.605029030867967443e-01
4.850000000000000000e+01,1.322905537635618023e-01,1.151861937683019144e-01,2.359055874027517208e-01,4.179894394886895376e-02,-1.444764194957397774e-01,2.605029030867967443e-01
4.860000000000000142e+01,1.322905537635618023e-01,1.151861937683019144e-01,2.359055874027517208e-01,3.977315319261556098e-02,-1.450471778100711762e-01,2.605029030867967443e-01
4.870000000000000284e+01,1.322905537635618023e-01,1.151861937683019144e-01,2.359055874027517208e-01,3.773957400511423338e-02,-1.455895327949855433e-01,2.605029030867967443e-01
4.880000000000000426e+01,1.322905537635618023e-01,1.151861937683019144e-01,2.359055874027517208e-01,3.569860460452008166e-02,-1.461033782458154018e-01,2.605029030867967443e-01
4.890000000000000568e+01,1.322905537635618023e-01,1.151861937683019144e-01,2.359055874027517208e-01,3.365064465614960032e-02,-1.465886135406676838e-01,2.605029030867967443e-01
4.900000000000000000e+01,1.322905537635618023e-01,1.151861937683019144e-01,2.359055874027517208e-01,3.159609519421740370e-02,-1.470451436601277750e-01,2.605029030867967443e-01
4.910000000000000142e+01,1.322905537635618023e-01,1.151861937683019144e-01,2.359055874027517208e-01,2.953535854330543997e-02,-1.474728792058664084e-01,2.605029030867967443e-01
4.920000000000000284e+01,1.322905537635618023e-01,1.151861937683019144e-01,2.359055874027517208e-01,2.746883823957912973e-02,-1.478717364181455218e-01,2.605029030867967443e-01
4.930000000000000426e+01,1.322905537635618023e-01,1.151861937683019144e-01,2.359055874027517208e-01,2.539693895176643040e-02,-1.482416371922204434e-01,2.605029030867967443e-01
4.940000000000000568e+01,1.322905537635618023e-01,1.151861937683019144e-01,2.359055874027517208e-01,2.332006640191498087e-02,-1.485825090936343795e-01,2.605029030867967443e-01
4.950000000000000000e+01,1.322905537635618023e-01,1.151861937683019144e-01,2.359055874027517208e-01,2.123862728594314714e-02,-1.488942853724025961e-01,2.605029030867967443e-01
4.960000000000000142e+01,1.322905537635618023e-01,1.151861937683019144e-01,2.359055874027517208e-01,1.915302919400035594e-02,-1.491769049760834631e-01,2.605029030867967443e-01
4.970000000000000284e+01,1.322905537635618023e-01,1.151861937683019144e-01,2.359055874027517208e-01,1.706368053065214843e-02,-1.494303125617340022e-01,2.605029030867967443e-01
4.980000000000000426e+01,1.322905537635618023e-01,1.151861937683019144e-01,2.359055874027517208e-01,1.497099043490590468e-02,-1.496544585067468847e-01,2.605029030867967443e-01
4.990000000000000568e+01,1.322905537635618023e-01,1.151861937683019144e-01,2.359055874027517208e-01,1.287536870009272846e-02,-1.498492989185679913e-01,2.605029030867967443e-01
5.000000000000000000e+01,1.322905537635618023e-01,1.151861937683019144e-01,2.359055874027517208e-01,1.077722569362104393e-02,-1.500147956432912044e-01,2.605029030867967443e-01
5.010000000000000142e+01,1.322905537635618023e-01,1.151861937683019144e-01,2.359055874027517208e-01,8.676972276618150071e-03,-1.501509162731299030e-01,2.605029030867967443e-01
5.020000000000000284e+01,1.322905537635618023e-01,1.151861937683019144e-01,2.359055874027517208e-01,6.575019723474583716e-03,-1.502576341527630810e-01,2.605029030867967443e-01
5.030000000000000426e+01,1.322905537635618023e-01,1.151861937683019144e-01,2.359055874027517208e-01,4.471779641308056517e-03,-1.503349283845548945e-01,2.605029030867967443e-01
5.040000000000000568e+01,1.322905537635618023e-01,1.151861937683019144e-01,2.359055874027517208e-01,2.367663889361874829e-03,-1.503827838326471378e-01,2.605029030867967443e-01
5.050000000000000000e+01,1.322905537635618023e-01,1.151861937683019144e-01,2.359055874027517208e-01,2.630844983541911564e-04,-1.504011911259229006e-01,2.605029030867967443e-01
5.060000000000000142e+01,1.322905537635618023e-01,1.151861937683019144e-01,2.359055874027517208e-01,-1.841546410206565442e-03,-1.503901466598417946e-01,2.605029030867967443e-01
5.070000000000000284e+01,1.322905537635618023e-01,1.151861937683019144e-01,2.359055874027517208e-01,-3.945816704723464040e-03,-1.503496525971456943e-01,2.605029030867967443e-01
5.080000000000000426e+01,1.322923877849370711e-01,1.151713275140858889e-01,2.359152235541209786e-01,-6.049314324215823539e-03,-1.502797168674352424e-01,2.605029030867967443e-01
5.090000000000000568e+01,1.322923877849370711e-01,1.151713275140858889e-01,2.359152235541209786e-01,-8.151627359008971688e-03,-1.501803531656172586e-01,2.605029030867967443e-01
5.100000000000000000e+01,1.322923877849370711e-01,1.151713275140858889e-01,2.359152235541209786e-01,-1.025234413139523848e-02,-1.500515809492226349e-01,2.605029030867967443e-01
5.110000000000000142e+01,1.322923877849370711e-01,1.151713275140858889e-01,2.359152235541209786e-01,-1.235105327624912500e-02,-1.498934254345964390e-01,2.605029030867967443e-01
5.120000000000000284e+01,1.322923877849370711e-01,1.151713275140858889e-01,2.359152235541209786e-01,-1.444734382158150560e-02,-1.497059175919598362e-01,2.605029030867967443e-01
5.130000000000000426e+01,1.322923877849370711e-01,1.151713275140858889e-01,2.359152235541209786e-01,-1.654080526901646406e-02,-1.494890941393456352e-01,2.605029030867967443e-01
5.140000000000000568e+01,1.322923877849370711e-01,1.151713275140858889e-01,2.359152235541209786e-01,-1.863102767417588665e-02,-1.492429975354078731e-01,2.605029030867967443e-01
5.150000000000000000e+01,1.322923877849370711e-01,1.151713275140858889e-01,2.359152235541209786e-01,-2.071760172695509550e-02,-1.489676759711076881e-01,2.605029030867967443e-01
5.160000000000000142e+01,1.322923877849370711e-01,1.151713275140858889e-01,2.359152235541209786e-01,-2.280011883167460882e-02,-1.486631833602764519e-01,2.605029030867967443e-01
5.170000000000000284e+01,1.322923877849370711e-01,1.151713275140858889e-01,2.359152235541209786e-01,-2.487817118709182568e-02,-1.483295793290583808e-01,2.605029030867967443e-01
5.180000000000000426e+01,1.322923877849370711e-01,1.151713275140858889e-01,2.359152235541209786e-01,-2.695135186625733509e-02,-1.479669292042341822e-01,2.605029030867967443e-01
5.190000000000000568e+01,1.322923877849370711e-01,1.151713275140858889e-01,2.359152235541209786e-01,-2.901925489619965048e-02,-1.475753040004290917e-01,2.605029030867967443e-01
5.200000000000000000e+01,1.322923877849370711e-01,1.151713275140858889e-01,2.359152235541209786e-01,-3.108147533742364535e-02,-1.471547804062062759e-01,2.605029030867967443e-01
5.210000000000000142e+01,1.322923877849370711e-01,1.151713275140858889e-01,2.359152235541209786e-01,-3.313760936320610251e-02,-1.467054407690499551e-01,2.605029030867967443e-01
5.220000000000000284e+01,1.322923877849370711e-01,1.151713275140858889e-01,2.359152235541209786e-01,-3.518725433867368746e-02,-1.462273730792396920e-01,2.605029030867967443e-01
5.230000000000000426e+01,1.322923877849370711e-01,1.151713275140858889e-01,2.359152235541209786e-01,-3.723000889964754589e-02,-1.457206709526202570e-01,2.605029030867967443e-01
5.240000000000000568e+01,1.322923877849370711e-01,1.151713275140858889e-01,2.359152235541209786e-01,-3.926547303123876370e-02,-1.451854336122695432e-01,2.605029030867967443e-01
5.250000000000000000e+01,1.322923877849370711e-01,1.151713275140858889e-01,2.359152235541209786e-01,-4.129324814617994083e-02,-1.446217658690685248e-01,2.605029030867967443e-01
5.260000000000000142e+01,1.322923877849370711e-01,1.151713275140858889e-01,2.359152235541209786e-01,-4.331293716287709650e-02,-1.440297781011771472e-01,2.605029030867967443e-01
5.270000000000000284e+01,1.322923877849370711e-01,1.151713275140858889e-01,2.359152235541209786e-01,-4.532414458316660205e-02,-1.434095862324198944e-01,2.605029030867967443e-01
5.280000000000000426e+01,1.322923877849370711e-01,1.151713275140858889e-01,2.359152235541209786e-01,-4.732647656976218115e-02,-1.427613117095854200e-01,2.605029030867967443e-01
5.290000000000000568e+01,1.322923877849370711e-01,1.151713275140858889e-01,2.359152235541209786e-01,-4.931954102337677420e-02,-1.420850814786447647e-01,2.605029030867967443e-01
5.300000000000000000e+01,1.322923877849370711e-01,1.151713275140858889e-01,2.359152235541209786e-01,-5.130294765950377256e-02,-1.413810279598924358e-01,2.605029030867967443e-01
5.310000000000000142e+01,1.322923877849370711e-01,1.151713275140858889e-01,2.359152235541209786e-01,-5.327630808484307146e-02,-1.406492890220158720e-01,2.605029030867967443e-01
5.320000000000000284e+01,1.322923877849370711e-01,1.151713275140858889e-01,2.359152235541209786e-01,-5.523923587335690527e-02,-1.398900079550977060e-01,2.605029030867967443e-01
5.330000000000000426e+01,1.322923877849370711e-01,1.151713275140858889e-01,2.359152235541209786e-01,-5.719134664194010231e-02,-1.391033334425566814e-01,2.605029030867967443e-01
5.340000000000000568e+01,1.322923877849370711e-01,1.151713275140858889e-01,2.359152235541209786e-01,-5.913225812569057604e-02,-1.382894195320320263e-01,2.605029030867967443e-01
5.350000000000000000e+01,1.322923877849370711e-01,1.151713275140858889e-01,2.359152235541209786e-01,-6.106159025276505781e-02,-1.374484256052178333e-01,2.605029030867967443e-01
5.360000000000000142e+01,1.322923877849370711e-01,1.151713275140858889e-01,2.359152235541209786e-01,-6.297896521880499976e-02,-1.365805163466525252e-01,2.605029030867967443e-01
5.370000000000000284e+01,1.322923877849370711e-01,1.151713275140858889e-01,2.359152235541209786e-01,-6.488400756091902699e-02,-1.356858617114704013e-01,2.605029030867967443e-01
5.380000000000000426e+01,1.322201352229304128e-01,1.147577429645552233e-01,2.362891341904319320e-01,-6.677634423120631935e-02,-1.347646368921205928e-01,2.605029030867967443e-01
5.390000000000000568e+01,1.319244862054525236e-01,1.135924718205308659e-01,2.374101196926031720e-01,-6.865560466980751009e-02,-1.338170222840606161e-01,2.605029030867967443e-01
5.400000000000000000e+01,1.320475936440654585e-01,1.134233434850311778e-01,2.374292527707602685e-01,-7.052142087746809951e-02,-1.328432034504312409e-01,2.605029030867967443e-01
5.410000000000000142e+01,1.320964842990646482e-01,1.133585369681901350e-01,2.374350356736598389e-01,-7.237342748760057509e-02,-1.318433710857193075e-01,2.605029030867967443e-01
5.420000000000000284e+01,1.320964842990646482e-01,1.133585369681901350e-01,2.374350356736598389e-01,-7.421126183783122165e-02,-1.308177209784153194e-01,2.605029030867967443e-01
5.430000000000000426e+01,1.320964842990646482e-01,1.133585369681901350e-01,2.374350356736598389e-01,-7.603456404101653632e-02,-1.297664539726743893e-01,2.605029030867967443e-01
5.440000000000000568e+01,1.320932421681664248e-01,1.133483523262339421e-01,2.374453031776481149e-01,-7.784297705571756321e-02,-1.286897759289862830e-01,2.605029030867967443e-01
5.450000000000000000e+01,1.457148277857747976e-01,9.367445361422176153e-02,2.383788682786345814e-01,-7.963614675611564719e-02,-1.275878976838637491e-01,2.605029030867967443e-01
5.460000000000000142e+01,1.415042922047439478e-01,8.390453787914758932e-02,2.475761624311761944e-01,-8.141372200135801873e-02,-1.264610350085561274e-01,2.605029030867967443e-01
5.470000000000000284e+01,1.357712928566343069e-01,7.767908333216702599e-02,2.552528194111348125e-01,-8.317535470431888789e-02,-1.253094085667967872e-01,2.605029030867967443e-01
5.480000000000000426e+01,1.263683072983655398e-01,6.623480536822182185e-02,2.667235786847914070e-01,-8.492069989976165634e-02,-1.241332438715926217e-01,2.605029030867967443e-01
5.490000000000000568e+01,1.307320973352600335e-01,2.522597718915429651e-02,2.736777525556107760e-01,-8.664941581189133935e-02,-1.229327712410633877e-01,2.605029030867967443e-01
