time_s,tip_error_m
0.000000000000000000e+00,0.000000000000000000e+00
1.000000000000000056e-01,4.915021694262092662e-05
2.000000000000000111e-01,1.952813910219120094e-04
3.000000000000000444e-01,4.364142504009174890e-04
4.000000000000000222e-01,7.705693337124999362e-04
5.000000000000000000e-01,1.195766789175505994e-03
6.000000000000000888e-01,1.710026113714250163e-03
7.000000000000000666e-01,2.311365843311272497e-03
8.000000000000000444e-01,2.997803205025401877e-03
9.000000000000000222e-01,3.767353740665660075e-03
1.000000000000000000e+00,4.618030911355579075e-03
1.100000000000000089e+00,5.547845691624076619e-03
1.200000000000000178e+00,6.554806161038638848e-03
1.300000000000000044e+00,7.636917100842574753e-03
1.400000000000000133e+00,8.792179602428739499e-03
1.500000000000000000e+00,1.001859069395756412e-02
1.600000000000000089e+00,1.131414299085830959e-02
1.700000000000000178e+00,1.267682437542125978e-02
1.800000000000000044e+00,1.410461771015884651e-02
1.900000000000000133e+00,1.559550058911597994e-02
2.000000000000000000e+00,1.714744513080459012e-02
2.100000000000000089e+00,1.875841781595057045e-02
2.200000000000000178e+00,2.042637937278245913e-02
2.300000000000000266e+00,1.233733370336799300e-02
2.400000000000000355e+00,1.160251994444076382e-02
2.500000000000000000e+00,1.139813760388284566e-02
2.600000000000000089e+00,6.017899123376337089e-03
2.700000000000000178e+00,3.032987227391357055e-03
2.800000000000000266e+00,5.720948088257209706e-03
2.900000000000000355e+00,5.365053892459830699e-03
3.000000000000000000e+00,9.256074924891187494e-03
3.100000000000000089e+00,1.371769560315301388e-02
3.200000000000000178e+00,1.488929981233008334e-02
3.300000000000000266e+00,1.331052975303623209e-02
3.400000000000000355e+00,1.385142932261607465e-02
3.500000000000000000e+00,2.069642053089523412e-02
3.600000000000000089e+00,2.278362119375319100e-02
3.700000000000000178e+00,2.107613937755601491e-02
3.800000000000000266e+00,1.965236801955569032e-02
3.900000000000000355e+00,1.716963864340830676e-02
4.000000000000000000e+00,1.468156429219663606e-02
4.100000000000000533e+00,1.218186390705548218e-02
4.200000000000000178e+00,1.004647075448077999e-02
4.299999999999999822e+00,7.666449188582710739e-03
4.400000000000000355e+00,6.575972982334086711e-03
4.500000000000000000e+00,1.960872108709633618e-02
4.600000000000000533e+00,2.223760037035624540e-02
4.700000000000000178e+00,2.130880497917264638e-02
4.800000000000000711e+00,2.179953989884504326e-02
4.900000000000000355e+00,3.016392270545911400e-02
5.000000000000000000e+00,3.644820170148604238e-02
5.100000000000000533e+00,3.451013851465645210e-02
5.200000000000000178e+00,3.413405721711374602e-02
5.300000000000000711e+00,3.277385670543907920e-02
5.400000000000000355e+00,3.012770422271851545e-02
5.500000000000000000e+00,2.792318673311583108e-02
5.600000000000000533e+00,2.659108217669412660e-02
5.700000000000000178e+00,2.361624134538942849e-02
5.800000000000000711e+00,2.073649131582361652e-02
5.900000000000000355e+00,3.203924354868278868e-02
6.000000000000000000e+00,4.201689499426563418e-02
6.100000000000000533e+00,4.349233568384918563e-02
6.200000000000000178e+00,4.551948006164355937e-02
6.300000000000000711e+00,4.451991376449335874e-02
6.400000000000000355e+00,4.424435679992193976e-02
6.500000000000000000e+00,4.608620841106932792e-02
6.600000000000000533e+00,4.494010526461346411e-02
6.700000000000000178e+00,4.429867945104994098e-02
6.800000000000000711e+00,4.510477786453169491e-02
6.900000000000000355e+00,4.296959224347159101e-02
7.000000000000000000e+00,4.264484076129348988e-02
7.100000000000000533e+00,4.073326074314544826e-02
7.200000000000000178e+00,3.830776390623886335e-02
7.300000000000000711e+00,3.854908828653647729e-02
7.400000000000000355e+00,3.679620983405124807e-02
7.500000000000000000e+00,3.563202541119046829e-02
7.600000000000000533e+00,3.428349574286069373e-02
7.700000000000000178e+00,3.260984783731396552e-02
7.800000000000000711e+00,3.135732451183272790e-02
7.900000000000000355e+00,3.061213133159266728e-02
8.000000000000000000e+00,3.040601156236526909e-02
8.099999999999999645e+00,3.071046122326365202e-02
8.200000000000001066e+00,3.152269157557242851e-02
8.300000000000000711e+00,3.279312435347231380e-02
8.400000000000000355e+00,3.445679187428072471e-02
8.500000000000000000e+00,3.644348837325678964e-02
8.599999999999999645e+00,3.868538599526909899e-02
8.700000000000001066e+00,4.112130552147855861e-02
8.800000000000000711e+00,4.369827565408045122e-02
8.900000000000000355e+00,4.637142644193952695e-02
9.000000000000000000e+00,4.910308603777200492e-02
9.099999999999999645e+00,5.186162665730269933e-02
9.200000000000001066e+00,5.462034094072473756e-02
9.300000000000000711e+00,5.735646481274225827e-02
9.400000000000000355e+00,6.005037586520833165e-02
9.500000000000000000e+00,6.268495693436694494e-02
9.600000000000001421e+00,6.524510048626214198e-02
9.700000000000001066e+00,6.771732728983687055e-02
9.800000000000000711e+00,7.008949558882311692e-02
9.900000000000000355e+00,7.235058118630753599e-02
1.000000000000000000e+01,7.449051305719500693e-02
1.010000000000000142e+01,7.656555109865749442e-02
1.020000000000000107e+01,7.863810521780663365e-02
1.030000000000000071e+01,8.070797654317833636e-02
1.040000000000000036e+01,8.277497619718156285e-02
1.050000000000000000e+01,8.483892408978281618e-02
1.060000000000000142e+01,8.689964788666797169e-02
1.070000000000000107e+01,8.895698212336312916e-02
1.080000000000000071e+01,9.101076744197547641e-02
1.090000000000000036e+01,9.306084993137464512e-02
1.100000000000000000e+01,9.510708055497245350e-02
1.110000000000000142e+01,9.714931465296379465e-02
1.120000000000000107e+01,9.918741150809044782e-02
1.130000000000000071e+01,1.012212339657784788e-01
1.140000000000000036e+01,1.032506481009746457e-01
1.150000000000000000e+01,1.052755229252147623e-01
1.160000000000000142e+01,1.072957301284580695e-01
1.170000000000000107e+01,1.093111438510528388e-01
1.180000000000000071e+01,1.113216404818864330e-01
1.190000000000000036e+01,1.133270984793562502e-01
1.200000000000000000e+01,1.153273982122755698e-01
1.210000000000000142e+01,1.173224218182417344e-01
1.220000000000000107e+01,1.193120530773352367e-01
1.230000000000000071e+01,1.212961772993086662e-01
1.240000000000000036e+01,1.232746812226757360e-01
1.250000000000000000e+01,1.252474529243155499e-01
1.260000000000000142e+01,1.272143817383925291e-01
1.270000000000000107e+01,1.291753581835424769e-01
1.280000000000000071e+01,1.311302738974095550e-01
1.290000000000000036e+01,1.330790215777319374e-01
1.300000000000000000e+01,1.350214949292711519e-01
1.310000000000000142e+01,1.369575886159678790e-01
1.320000000000000107e+01,1.388871982177759534e-01
1.330000000000000071e+01,1.408102201916948681e-01
1.340000000000000036e+01,1.427265518365732899e-01
1.350000000000000000e+01,1.446360912613053606e-01
1.360000000000000142e+01,1.465387373560864404e-01
1.370000000000000107e+01,1.484343897664269218e-01
1.380000000000000071e+01,1.503229488696607996e-01
1.390000000000000036e+01,1.522020916043733685e-01
1.400000000000000000e+01,1.541411027259039501e-01
1.410000000000000142e+01,1.559985390215807288e-01
1.420000000000000107e+01,1.579898297424981168e-01
1.430000000000000071e+01,1.599324076422282692e-01
1.440000000000000036e+01,1.618349974290310689e-01
1.450000000000000000e+01,1.636852972493338942e-01
1.460000000000000142e+01,1.655135678696263712e-01
1.470000000000000107e+01,1.673338671513312226e-01
1.480000000000000071e+01,1.691461017335596229e-01
1.490000000000000036e+01,1.709501788487134410e-01
1.500000000000000000e+01,1.727460063154876158e-01
1.510000000000000142e+01,1.745334925326441633e-01
1.520000000000000107e+01,1.763125464734931758e-01
1.530000000000000071e+01,1.780830776810236327e-01
1.540000000000000036e+01,1.798449962636307631e-01
1.550000000000000000e+01,1.815982128913921634e-01
1.560000000000000142e+01,1.833426387928484003e-01
1.570000000000000107e+01,1.850781857522483254e-01
1.580000000000000071e+01,1.868047661072221866e-01
1.590000000000000036e+01,1.885222927468493681e-01
1.600000000000000000e+01,1.902306791100887018e-01
1.610000000000000142e+01,1.919298391845451202e-01
1.619999999999999929e+01,1.936196875055449240e-01
1.630000000000000071e+01,1.953001391554965993e-01
1.640000000000000213e+01,1.969711097635153396e-01
1.650000000000000000e+01,1.986325155052909575e-01
1.660000000000000142e+01,2.002842731031799772e-01
1.669999999999999929e+01,2.019262998265060061e-01
1.680000000000000071e+01,2.035585134920514516e-01
1.690000000000000213e+01,2.051808324647260706e-01
1.700000000000000000e+01,2.067931756583994141e-01
1.710000000000000142e+01,2.083954625368842073e-01
1.719999999999999929e+01,2.099876131150587577e-01
1.730000000000000071e+01,2.115695479601179818e-01
1.740000000000000213e+01,2.131411881929435870e-01
1.750000000000000000e+01,2.147024554895827497e-01
1.760000000000000142e+01,2.162532720828280186e-01
1.769999999999999929e+01,2.177935607638897542e-01
1.780000000000000071e+01,2.193232448841535842e-01
1.790000000000000213e+01,2.208422483570162964e-01
1.800000000000000000e+01,2.223504956597934512e-01
1.810000000000000142e+01,2.238479118356926922e-01
1.819999999999999929e+01,2.253344224958470920e-01
1.830000000000000071e+01,2.268099538214035371e-01
1.840000000000000213e+01,2.282744325656603512e-01
1.850000000000000000e+01,2.297277860562510488e-01
1.860000000000000142e+01,2.311699421973683610e-01
1.869999999999999929e+01,2.326008294720255387e-01
1.880000000000000071e+01,2.340203769443504611e-01
1.890000000000000213e+01,2.354285142619097770e-01
1.900000000000000000e+01,2.368251716580585808e-01
1.910000000000000142e+01,2.382102799543139304e-01
1.920000000000000284e+01,2.395837705627479053e-01
1.930000000000000071e+01,2.409455754883983725e-01
1.940000000000000213e+01,2.422956273316943521e-01
1.950000000000000000e+01,2.436338592908940393e-01
1.960000000000000142e+01,2.449602051645320688e-01
1.970000000000000284e+01,2.462745993538754119e-01
1.980000000000000071e+01,2.475769768653845182e-01
1.990000000000000213e+01,2.488672733131785109e-01
2.000000000000000000e+01,2.501454249215021575e-01
2.010000000000000142e+01,2.514113685271934240e-01
2.020000000000000284e+01,2.526650415821490858e-01
2.030000000000000071e+01,2.539063821557877021e-01
2.040000000000000213e+01,2.551469720681392994e-01
2.050000000000000000e+01,2.563556995695788765e-01
2.060000000000000142e+01,2.575597318969638505e-01
2.070000000000000284e+01,2.587511901167625084e-01
2.080000000000000071e+01,2.599300154191809820e-01
2.090000000000000213e+01,2.610961496266174797e-01
2.100000000000000000e+01,2.622495351960671406e-01
2.110000000000000142e+01,2.633901152215132879e-01
2.120000000000000284e+01,2.645178334363053607e-01
2.130000000000000071e+01,2.656326342155220233e-01
2.140000000000000213e+01,2.667344625783186207e-01
2.150000000000000000e+01,2.678232641902584255e-01
2.160000000000000142e+01,2.688989853656266193e-01
2.170000000000000284e+01,2.699615730697260685e-01
2.180000000000000071e+01,2.710109749211545016e-01
2.190000000000000213e+01,2.720471391940629258e-01
2.200000000000000000e+01,2.730700148203925592e-01
2.210000000000000142e+01,2.740795513920925575e-01
2.220000000000000284e+01,2.750756991633154791e-01
2.230000000000000071e+01,2.744171947982140258e-01
2.240000000000000213e+01,2.753577580518654089e-01
2.250000000000000000e+01,2.763174946475546179e-01
2.260000000000000142e+01,2.772637242662505663e-01
2.270000000000000284e+01,2.781964003762220083e-01
2.280000000000000071e+01,2.791154771150066716e-01
2.290000000000000213e+01,2.800209092915021403e-01
2.300000000000000000e+01,2.809126523880297044e-01
2.310000000000000142e+01,1.934239250792639253e-01
2.320000000000000284e+01,1.937503549365135191e-01
2.330000000000000071e+01,1.950741855120259882e-01
2.340000000000000213e+01,1.963950818740753390e-01
2.350000000000000000e+01,1.448055049843429143e-01
2.360000000000000142e+01,1.461478489957228344e-01
2.370000000000000284e+01,1.398319731552144229e-01
2.380000000000000071e+01,1.149629733771156820e-01
2.390000000000000213e+01,1.037006976953786797e-01
2.400000000000000000e+01,8.635887645398415691e-02
2.410000000000000142e+01,7.260335128727049558e-02
2.420000000000000284e+01,7.516304647721072651e-02
2.430000000000000071e+01,6.390095441311055557e-02
2.440000000000000213e+01,5.279025675591910577e-02
2.450000000000000000e+01,5.514332001661229055e-02
2.460000000000000142e+01,5.775024902869381471e-02
2.470000000000000284e+01,5.978591389686738200e-02
2.480000000000000071e+01,6.182845049637412244e-02
2.490000000000000213e+01,6.387681888922772111e-02
2.500000000000000000e+01,6.593009313044624620e-02
2.510000000000000142e+01,6.798744490736567669e-02
2.520000000000000284e+01,7.004812984034908263e-02
2.530000000000000071e+01,7.211147596974872009e-02
2.540000000000000213e+01,7.417687404483468139e-02
2.550000000000000000e+01,7.624376930307535938e-02
2.560000000000000142e+01,7.831165448637046611e-02
2.570000000000000284e+01,8.038006388753576870e-02
2.580000000000000071e+01,8.244856825788852983e-02
2.590000000000000213e+01,8.451677043704834691e-02
2.600000000000000000e+01,8.658430159054604502e-02
2.610000000000000142e+01,8.865081796066796860e-02
2.620000000000000284e+01,9.071599805210441014e-02
2.630000000000000071e+01,9.277954018713654993e-02
2.640000000000000213e+01,9.484116037587927983e-02
2.650000000000000000e+01,9.690059045594270892e-02
2.660000000000000142e+01,9.895757646317393519e-02
2.670000000000000284e+01,1.010118772011609350e-01
2.680000000000000071e+01,1.030632629821883750e-01
2.690000000000000213e+01,1.051115145164750742e-01
2.700000000000000000e+01,1.071532237817603705e-01
2.710000000000000142e+01,1.091977838941704804e-01
2.720000000000000284e+01,1.112354068528172424e-01
2.730000000000000071e+01,1.132691043344710435e-01
2.740000000000000213e+01,1.152986963390725123e-01
2.750000000000000000e+01,1.173240087901579465e-01
2.760000000000000142e+01,1.193417989972336557e-01
2.770000000000000284e+01,1.213580764072544754e-01
2.780000000000000071e+01,1.233726069651751578e-01
2.790000000000000213e+01,1.254609437684043871e-01
2.800000000000000000e+01,1.276218635236352483e-01
2.810000000000000142e+01,1.296683800859955993e-01
2.820000000000000284e+01,1.316574135965380976e-01
2.830000000000000071e+01,1.336408872474180720e-01
2.840000000000000213e+01,1.356186650819267148e-01
2.850000000000000000e+01,1.375906137645017679e-01
2.860000000000000142e+01,1.395566024131144889e-01
2.870000000000000284e+01,1.415165024468122978e-01
2.880000000000000071e+01,1.434701874468946314e-01
2.890000000000000213e+01,1.454175330303603964e-01
2.900000000000000000e+01,1.473584167344285656e-01
2.910000000000000142e+01,1.492927179110533908e-01
2.920000000000000284e+01,1.512203176304852126e-01
2.930000000000000071e+01,1.531410985930166946e-01
2.940000000000000213e+01,1.550541230383286062e-01
2.950000000000000000e+01,1.569590723169854429e-01
2.960000000000000142e+01,1.588591250499061802e-01
2.970000000000000284e+01,1.607547430508688147e-01
2.980000000000000071e+01,1.626404147750440399e-01
2.990000000000000213e+01,1.645186016220335501e-01
3.000000000000000000e+01,1.663891954793614569e-01
3.010000000000000142e+01,1.682520893889851710e-01
3.020000000000000284e+01,1.701071775055151003e-01
3.030000000000000071e+01,1.719543550577333213e-01
3.040000000000000213e+01,1.737935183131432137e-01
3.050000000000000000e+01,1.756245645452950976e-01
3.060000000000000142e+01,1.774473920036676589e-01
3.070000000000000284e+01,1.792618998858962753e-01
3.080000000000000071e+01,1.810679883121629197e-01
3.090000000000000213e+01,1.828655583015776909e-01
3.100000000000000000e+01,1.846545117503951838e-01
3.110000000000000142e+01,1.864347514119255034e-01
3.120000000000000284e+01,1.882061808780093048e-01
3.130000000000000071e+01,1.899687045619372350e-01
3.140000000000000213e+01,1.917222276827089400e-01
3.150000000000000000e+01,1.934666562505257259e-01
3.160000000000000142e+01,1.952018970534329101e-01
3.170000000000000284e+01,1.969278576450207152e-01
3.180000000000000071e+01,1.986444463331118182e-01
3.190000000000000213e+01,2.003515721693624185e-01
3.200000000000000000e+01,2.020491449397107120e-01
3.210000000000000142e+01,2.037370751556145665e-01
3.220000000000000284e+01,2.054152740460206683e-01
3.230000000000000426e+01,2.070836535500155950e-01
3.239999999999999858e+01,2.087421263101104651e-01
3.250000000000000000e+01,2.103906056661144497e-01
3.260000000000000142e+01,2.120290056495599262e-01
3.270000000000000284e+01,2.136572409786365312e-01
3.280000000000000426e+01,2.152752270536051615e-01
3.289999999999999858e+01,2.168828799526541506e-01
3.300000000000000000e+01,2.184801164281716945e-01
3.310000000000000142e+01,2.200668539034048299e-01
3.320000000000000284e+01,2.216430104694794567e-01
3.330000000000000426e+01,2.232085048827572582e-01
3.339999999999999858e+01,2.247632565625074796e-01
3.350000000000000000e+01,2.263071855888724726e-01
3.360000000000000142e+01,2.278402127011078249e-01
3.370000000000000284e+01,2.293622592960778972e-01
3.380000000000000426e+01,2.308732474269924451e-01
3.389999999999999858e+01,2.323730998023646188e-01
3.400000000000000000e+01,2.338617397851802393e-01
3.410000000000000142e+01,2.353390913922602523e-01
3.420000000000000284e+01,2.368050792938062032e-01
3.430000000000000426e+01,2.382596288131161311e-01
3.439999999999999858e+01,2.397026659264586135e-01
3.450000000000000000e+01,2.411341172630958318e-01
3.460000000000000142e+01,2.425539101054441649e-01
3.470000000000000284e+01,2.439619723893646785e-01
3.480000000000000426e+01,2.453582327045736589e-01
3.489999999999999858e+01,2.467426202951643333e-01
3.500000000000000000e+01,2.481150650602348129e-01
3.510000000000000142e+01,2.494754975546112363e-01
3.520000000000000284e+01,2.508238489896629231e-01
3.530000000000000426e+01,2.521600512342001554e-01
3.539999999999999858e+01,2.534840368154502865e-01
3.550000000000000000e+01,2.547957389201067624e-01
3.560000000000000142e+01,2.560947047213950056e-01
3.570000000000000284e+01,2.573815080072689998e-01
3.580000000000000426e+01,2.586430768306977601e-01
3.589999999999999858e+01,2.598966829161820091e-01
3.600000000000000000e+01,2.611831138144369291e-01
3.610000000000000142e+01,2.624039101721225564e-01
3.620000000000000284e+01,2.636151391204346606e-01
3.630000000000000426e+01,2.648230038173131073e-01
3.639999999999999858e+01,2.660180101882553272e-01
3.650000000000000000e+01,2.672181986898172212e-01
3.660000000000000142e+01,2.683920753921873459e-01
3.670000000000000284e+01,2.695292332587919115e-01
3.680000000000000426e+01,2.706719346272163373e-01
3.689999999999999858e+01,2.718014843298752758e-01
3.700000000000000000e+01,2.729178258353146536e-01
3.710000000000000142e+01,2.740209032931013589e-01
3.720000000000000284e+01,2.749659667375624617e-01
3.730000000000000426e+01,2.759742630313886669e-01
3.739999999999999858e+01,2.756412153027155143e-01
3.750000000000000000e+01,2.728681015046983682e-01
3.760000000000000142e+01,2.716424355761418163e-01
3.770000000000000284e+01,2.583585894551907458e-01
3.780000000000000426e+01,2.459938076216294511e-01
3.789999999999999858e+01,2.277915168573039217e-01
3.800000000000000000e+01,1.921778406719179821e-01
3.810000000000000142e+01,1.936331097670965229e-01
3.820000000000000284e+01,1.801804378289879327e-01
3.830000000000000426e+01,1.818214004009992002e-01
3.840000000000000568e+01,1.827429432271409915e-01
3.850000000000000000e+01,1.838669201903704864e-01
3.860000000000000142e+01,1.858673163218670099e-01
3.870000000000000284e+01,1.877305648950876316e-01
3.880000000000000426e+01,1.895255344377632101e-01
3.890000000000000568e+01,1.913406849754967776e-01
3.900000000000000000e+01,1.932112957248023344e-01
3.910000000000000142e+01,1.950260200495695095e-01
3.920000000000000284e+01,1.966625134474077885e-01
3.930000000000000426e+01,1.984454520387271548e-01
3.940000000000000568e+01,1.958847404320984142e-01
3.950000000000000000e+01,1.976680496567813916e-01
3.960000000000000142e+01,1.994346404937369088e-01
3.970000000000000284e+01,2.011896882438747869e-01
3.980000000000000426e+01,1.979152272172658711e-01
3.990000000000000568e+01,1.996798878679164890e-01
4.000000000000000000e+01,2.014166642946436381e-01
4.010000000000000142e+01,2.031415761866662839e-01
4.020000000000000284e+01,2.048703605665037897e-01
4.030000000000000426e+01,2.065786677169207941e-01
4.040000000000000568e+01,2.082772772724248156e-01
4.050000000000000000e+01,2.099690071539591918e-01
4.060000000000000142e+01,2.116527857901167875e-01
4.070000000000000284e+01,2.133941412502919077e-01
4.080000000000000426e+01,2.150395987321044311e-01
4.090000000000000568e+01,2.167315979470063048e-01
4.100000000000000000e+01,2.184180425964548922e-01
4.110000000000000142e+01,2.200464085826720484e-01
4.120000000000000284e+01,2.216643514202510656e-01
4.130000000000000426e+01,2.232717843050228690e-01
4.140000000000000568e+01,2.248686212131784934e-01
4.150000000000000000e+01,2.264547768940407824e-01
4.160000000000000142e+01,2.280301668633910595e-01
4.170000000000000284e+01,2.295947073973168828e-01
4.180000000000000426e+01,2.311483155265471601e-01
4.190000000000000568e+01,2.326909090312441752e-01
4.200000000000000000e+01,2.342231577839665735e-01
4.210000000000000142e+01,2.357615022473856237e-01
4.220000000000000284e+01,2.372434364177184729e-01
4.230000000000000426e+01,2.387871544079805397e-01
4.240000000000000568e+01,2.402411414317753569e-01
4.250000000000000000e+01,2.417610889181523726e-01
4.260000000000000142e+01,2.432191297653999440e-01
4.270000000000000284e+01,2.443540226140682448e-01
4.280000000000000426e+01,2.449236461681771337e-01
4.290000000000000568e+01,2.367753380059228752e-01
4.300000000000000000e+01,2.357742580203255334e-01
4.310000000000000142e+01,2.233638423243809457e-01
4.320000000000000284e+01,2.242771261221798706e-01
4.330000000000000426e+01,2.122651049474291451e-01
4.340000000000000568e+01,2.137709331556247316e-01
4.350000000000000000e+01,2.154392497331971135e-01
4.360000000000000142e+01,2.170974504478091482e-01
4.370000000000000284e+01,2.187454443155093520e-01
4.380000000000000426e+01,2.203831412047634053e-01
4.390000000000000568e+01,2.220104518252284664e-01
4.400000000000000000e+01,2.236272877173182405e-01
4.410000000000000142e+01,2.250291771761991355e-01
4.420000000000000284e+01,2.263531388650846798e-01
4.430000000000000426e+01,2.277920239329206120e-01
4.440000000000000568e+01,2.292972541234573614e-01
4.450000000000000000e+01,2.308680670000739787e-01
4.460000000000000142e+01,2.324090055426217272e-01
4.470000000000000284e+01,2.339736473538572004e-01
4.480000000000000426e+01,2.352616190223274784e-01
4.490000000000000568e+01,2.367825196077413541e-01
4.500000000000000000e+01,2.382761552354945300e-01
4.510000000000000142e+01,2.397884817918950473e-01
4.520000000000000284e+01,2.412695474630709158e-01
4.530000000000000426e+01,2.427422940474710245e-01
4.540000000000000568e+01,2.442130194113504016e-01
4.550000000000000000e+01,2.456346043217385866e-01
4.560000000000000142e+01,2.470543708709809216e-01
4.570000000000000284e+01,2.484850408942679556e-01
4.580000000000000426e+01,2.499017382363385720e-01
4.590000000000000568e+01,2.513064630859953574e-01
4.600000000000000000e+01,2.526991423097683098e-01
4.610000000000000142e+01,2.540797034965779910e-01
4.620000000000000284e+01,2.554480749564801423e-01
4.630000000000000426e+01,2.568041857195884070e-01
4.640000000000000568e+01,2.581479655351659463e-01
4.650000000000000000e+01,2.594793448708735961e-01
4.660000000000000142e+01,2.607982549121667382e-01
4.670000000000000284e+01,2.621046275618302279e-01
4.680000000000000426e+01,2.633983954396438842e-01
4.690000000000000568e+01,2.646794918821697151e-01
4.700000000000000000e+01,2.553319027260972929e-01
4.710000000000000142e+01,2.577829877961346772e-01
4.720000000000000284e+01,2.592178952401287817e-01
4.730000000000000426e+01,2.605906493960816750e-01
4.740000000000000568e+01,2.619510095176332265e-01
4.750000000000000000e+01,2.632989033742022533e-01
4.760000000000000142e+01,2.646342595113581053e-01
4.770000000000000284e+01,2.659570072486042158e-01
4.780000000000000426e+01,2.672670766773677098e-01
4.790000000000000568e+01,2.685643986591839116e-01
4.800000000000000000e+01,2.698489048240656496e-01
4.810000000000000142e+01,2.711205275690447558e-01
4.820000000000000284e+01,2.723792000568771021e-01
4.830000000000000426e+01,2.736248562149016239e-01
4.840000000000000568e+01,2.748574307340433953e-01
4.850000000000000000e+01,2.760768590679531509e-01
4.860000000000000142e+01,2.772830774322751490e-01
4.870000000000000284e+01,2.784760228040349395e-01
4.880000000000000426e+01,2.796556329211411507e-01
4.890000000000000568e+01,2.808218462819929706e-01
4.900000000000000000e+01,2.819746021451877693e-01
4.910000000000000142e+01,2.831138405293232574e-01
4.920000000000000284e+01,2.842395022128858528e-01
4.930000000000000426e+01,2.853515287342238693e-01
4.940000000000000568e+01,2.864498623915952558e-01
4.950000000000000000e+01,2.875344462432893877e-01
4.960000000000000142e+01,2.886052241078153613e-01
4.970000000000000284e+01,2.896621405641536806e-01
4.980000000000000426e+01,2.907051409520656771e-01
4.990000000000000568e+01,2.917341713724584951e-01
5.000000000000000000e+01,2.927491786878000934e-01
5.010000000000000142e+01,2.937501105225812648e-01
5.020000000000000284e+01,2.947369152638211198e-01
5.030000000000000426e+01,2.957095420616125958e-01
5.040000000000000568e+01,2.966679408297051013e-01
5.050000000000000000e+01,2.976120622461210230e-01
5.060000000000000142e+01,2.985418577538025420e-01
5.070000000000000284e+01,2.994572795612873706e-01
5.080000000000000426e+01,3.003451972156362948e-01
5.090000000000000568e+01,3.012317875226611097e-01
5.100000000000000000e+01,3.021038658402721566e-01
5.110000000000000142e+01,3.029613874449488264e-01
5.120000000000000284e+01,3.038043083824238377e-01
5.130000000000000426e+01,3.046325854684773238e-01
5.140000000000000568e+01,3.054461762897432431e-01
5.150000000000000000e+01,3.062450392045265590e-01
5.160000000000000142e+01,3.070291333436280246e-01
5.170000000000000284e+01,3.077984186111764053e-01
5.180000000000000426e+01,3.085528556854651439e-01
5.190000000000000568e+01,3.092924060197932423e-01
5.200000000000000000e+01,3.100170318433072558e-01
5.210000000000000142e+01,3.107266961618448398e-01
5.220000000000000284e+01,3.114213627587763544e-01
5.230000000000000426e+01,3.121009961958453038e-01
5.240000000000000568e+01,3.127655618140047222e-01
5.250000000000000000e+01,3.134150257342495083e-01
5.260000000000000142e+01,3.140493548584421535e-01
5.270000000000000284e+01,3.146685168701328084e-01
5.280000000000000426e+01,3.152724802353703559e-01
5.290000000000000568e+01,3.158612142035054360e-01
5.300000000000000000e+01,3.164346888079827003e-01
5.310000000000000142e+01,3.169928748671234087e-01
5.320000000000000284e+01,3.175357439848953134e-01
5.330000000000000426e+01,3.180632685516710523e-01
5.340000000000000568e+01,3.185754217449722203e-01
5.350000000000000000e+01,3.190721775302003960e-01
5.360000000000000142e+01,3.195535106613526799e-01
5.370000000000000284e+01,3.200193966817221902e-01
5.380000000000000426e+01,3.200739344099210459e-01
5.390000000000000568e+01,3.193385464886889791e-01
5.400000000000000000e+01,3.197089475173447437e-01
5.410000000000000142e+01,3.201000578667779761e-01
5.420000000000000284e+01,3.204950195679850955e-01
5.430000000000000426e+01,3.208744630071497794e-01
5.440000000000000568e+01,3.212278390564545782e-01
5.450000000000000000e+01,3.165905285145623749e-01
5.460000000000000142e+01,3.067787736104656271e-01
5.470000000000000284e+01,2.986126683518256497e-01
5.480000000000000426e+01,2.844674595433336339e-01
5.490000000000000568e+01,2.633995323706547209e-01
