dT1_dt_N_per_s,dT2_dt_N_per_s,dT3_dt_N_per_s
-9.039772922489114348e-01,-1.113241907263114117e+00,-9.430773781568937419e-01
-3.651506665897015225e-01,-2.889273454881790548e-01,-3.527642952282259436e-01
-1.507644589568383486e-01,-5.941441007416371767e-02,-1.338395476502376724e-01
-7.267301500928705082e-02,2.510588712251360377e-02,-5.672676766549582250e-02
-7.433836750276515484e-03,7.440267247831072739e-02,-1.349015191702926733e-02
-6.401226062574430324e-07,1.014867882210246652e-01,-1.012839925239629457e-04
8.685156575176959583e-06,1.177876303517648299e-01,1.948047702294018247e-04
-8.163487439075420369e-06,1.314197478887588755e-01,-1.745235708687734185e-04
-5.899423415785728648e-07,1.446984021089733063e-01,-1.978259929875974188e-05
-1.808664024281015975e-08,1.577163496314425983e-01,-9.794456177656340155e-07
-3.416499992172538280e-09,1.705741438631039053e-01,-9.016652279832506126e-08
-3.585564697560427675e-10,1.831636406560372687e-01,-3.965925073697203207e-09
-7.530519979421436048e-11,1.956525009790433811e-01,-1.998936137261367839e-10
-3.028044144799322651e-11,2.080471049439020781e-01,-6.178280192406949284e-11
-2.720175092770767457e-11,2.203859838081993761e-01,-5.185758132248709761e-11
-1.955293078325941378e-11,2.327146121535526302e-01,-3.639698635366257350e-11
-1.470201006206793213e-11,2.450819415570862914e-01,-2.664523249486084699e-11
-9.597136257040532330e-12,2.575391986950070211e-01,-1.693738141991803323e-11
-5.615550711970126846e-12,2.701386681624903807e-01,-9.627491970164186357e-12
-2.966246189245180272e-12,2.829321876268863778e-01,-4.921678948202687472e-12
-1.397325210751548321e-12,2.959693123846465768e-01,-2.236096085532961976e-12
-5.769361359047938564e-13,3.092951566815416165e-01,-8.849489994853724989e-13
-2.022129141570712400e-13,3.229479588472710105e-01,-2.976223318769839523e-13
-6.222239785397146767e-14,3.370140812754495729e-01,-8.526481619927562850e-14
1.732011979161185660e-08,3.513635632910963591e-01,4.099445004632470919e-08
-1.721591287030672779e-08,5.351821747929548234e-01,-4.071480227829896871e-08
-9.355419611825071101e-11,3.799739737345658730e-01,-1.341730980859176269e-10
5.678243072939437441e-11,5.924863135908415845e-01,4.483241104837381579e-06
7.395613463989257558e-10,8.468290553830251088e-01,1.332457664670875785e-01
-8.051280043658235735e-10,6.612992852795743781e-01,7.273947891534111865e-02
1.856131599909495660e-11,5.968711777550528286e-01,-2.059840382832348049e-01
1.730834583079951218e-09,6.279453968988831791e-01,-5.686659016655004330e-06
-1.743450183449654368e-09,6.605430710022640595e-01,-3.824627393983127778e-09
-6.757037126900776240e-12,7.445929526198082904e-01,-2.140428205734623638e-12
7.254765444757598896e-10,7.081897628494598917e-01,-1.070992670677452591e-14
7.533911086258289914e-05,7.357149814247687658e-01,2.019706499779263512e-10
4.259211149149602638e-01,7.470426120431262751e-01,-2.019284442602320556e-10
4.167700686755492212e-01,7.372575197233546263e-01,5.337759390577841030e-13
5.601440997480729989e-01,6.020106721191682553e-01,3.871477987848092009e-12
5.742373690143048881e-01,3.703086486433109226e-01,-2.528927554287263795e-12
4.682463477742153657e-01,3.231832778197830658e-01,-1.682330671557929964e-12
3.561254475761768123e-01,2.742217662977013415e-01,6.560252673673666749e-13
3.290048110137737125e-01,3.663500481511878237e-01,3.802487559083623318e-11
3.312442377238368207e-01,3.622740685639728175e-01,-9.233923429743178695e-12
3.112399879366060662e-01,4.008993025219997342e-01,9.617918159570704726e-09
3.273589432413822053e-01,4.073753049908974688e-01,-5.609913039938725784e-09
3.330420681749122203e-01,4.021749767802879627e-01,1.422648403522359370e-08
3.271038993434460806e-01,4.491005455257583434e-01,-6.822164080452309309e-09
2.911638092932922195e-01,5.066564134819468990e-01,-1.144109626934567475e-08
0.000000000000000000e+00,0.000000000000000000e+00,0.000000000000000000e+00
7.279712169872861738e-01,6.348009301223760392e-01,9.919169610801764147e-10
3.052345998913192915e-01,5.292535748400991613e-01,-2.914489367879602239e-10
4.171934599120435960e-01,5.778460655097666931e-01,1.417238491862549984e-08
8.223894702057136241e-01,1.074286200408629544e+00,-1.435094583514629197e-08
6.405557040646970846e-01,9.134184384558715619e-01,4.091651653773936911e-08
6.681259561226465804e-01,5.052606138178589168e-01,-1.765224180481816741e-08
7.433310677027576974e-01,3.887026077654635592e-01,1.354639679036612363e-08
1.040864936455215384e+00,5.947342810378296596e-01,-3.700950053594739648e-08
7.152365674316787381e-01,1.019972393362093221e+00,3.833972045797930221e-10
7.966041644872713379e-01,4.945036756737737349e-01,-6.852918226832279712e-10
1.123687764186030780e+00,9.130962765662281599e-02,-1.374811849854234351e-11
9.718244580130207533e-01,7.328876687394889067e-02,1.246886484767089492e-10
4.717719401303520632e-01,3.943894335612037616e-01,-1.330109923759861510e-10
6.801834242795352647e-01,2.567402516360108300e-01,-2.305951827704872300e-14
1.163680261183293929e+00,-9.499433190023304219e-02,-1.978126258252934545e-15
3.274480168706598859e-01,4.099236265279159741e-01,6.508808713213791716e-09
5.921835103287932389e-01,3.016708213948903761e-01,-9.098046383024846506e-10
4.611683451054552907e-01,3.196612952786926365e-01,-5.599006044435199159e-09
4.298657148980629117e-01,2.743517319957661238e-01,5.424392490234451156e-15
9.452125628966263626e-01,-9.146534793328468804e-02,3.562268526510771681e-11
4.120430295113413077e-01,2.030974610649071144e-01,6.401707517757971336e-10
4.183640268301667686e-01,2.927618421068580168e-01,-6.757932532304770600e-10
4.064153123601287332e-01,2.895236981763397721e-01,-2.188971265105924218e-15
3.762351783019106111e-01,2.485418628661227591e-01,1.038546276342495641e-14
3.540457831583273540e-01,2.104546274888605129e-01,1.552788665962989007e-10
3.504022006559910363e-01,2.110448043985402866e-01,-1.552887202459779995e-10
3.440686866894669405e-01,1.891650851397089772e-01,1.470637428824998032e-15
3.342378814469932347e-01,1.632547724650392218e-01,-5.814855916711723967e-15
3.280190972738035726e-01,1.323801206789008977e-01,-4.172460849687949706e-16
4.711735166739136615e-01,2.005948713674053988e-02,6.078081316453480493e-13
9.518955528752250927e-01,-2.477615797126891950e-01,-5.866257714434530266e-13
6.837496272696063082e-01,5.588270686182780084e-02,7.585425600752415664e-10
5.482053477874984093e-01,2.014132229851112454e-01,-7.583243051788667135e-10
1.303679946668599987e+00,-2.171878393755186931e-01,-2.374568915817630156e-14
5.586907919038806014e-01,2.208647788434296433e-01,8.437753558845891380e-12
3.229715962893434655e-01,2.322459766956465055e-01,1.923216327812082339e-11
9.272483909836124472e-01,-2.325471731797441044e-01,-2.785796656733289636e-11
8.506717936703562799e-01,-6.492701529020221407e-02,-1.579265934975067010e-14
0.000000000000000000e+00,0.000000000000000000e+00,0.000000000000000000e+00
0.000000000000000000e+00,0.000000000000000000e+00,0.000000000000000000e+00
0.000000000000000000e+00,0.000000000000000000e+00,0.000000000000000000e+00
8.554260483756795930e-01,-5.254070535417678517e-02,-4.543810703058530326e-15
1.099077320135550262e-01,7.268037852176117974e-02,1.825945015985033464e-14
1.373039634543699317e-01,-5.079166033265116592e-02,3.873016053297853317e-12
1.194752434088232479e-01,-8.027946140517816520e-02,-3.427143414824872120e-12
9.989115842636310527e-02,-8.862070754953327301e-02,2.758105526232964896e-12
8.523023364270333746e-02,-9.905934117412662498e-02,5.716345582670421831e-11
7.173148136369830730e-02,-1.071271386157306993e-01,-6.032960352430402097e-11
6.180069973266721917e-02,-1.130896183838153157e-01,9.857032804039081305e-11
5.890097081448792543e-02,-1.085392082143845638e-01,-9.851099723567805575e-11
5.714959618161022381e-02,-1.113774561327910279e-01,1.966353589608561786e-12
5.394466354476758901e-02,-1.144679024638784876e-01,1.600740312691649510e-12
5.551155238375177214e-02,-1.168768530656467131e-01,-1.428863329846030281e-12
6.867644475009676563e-02,-1.169148719128410563e-01,-1.584110509856944983e-12
6.699663044307881121e-02,-1.180708179537741515e-01,4.650845366320284977e-11
6.517853516069904707e-02,-1.223502771127322059e-01,-4.718531128400032863e-11
6.276214805941367214e-02,-1.265732259496396839e-01,2.684154630099755012e-10
5.753577153102575753e-02,-1.349653797368013664e-01,-2.684019722780720653e-10
5.028868101719661393e-02,-1.449405576821072295e-01,-1.297961908015309369e-14
4.649907662037552902e-02,-1.492787005389428490e-01,1.935749269774256685e-12
-3.268041985534607397e-02,-1.660318886888275669e-01,7.494583407443455124e-12
-5.117299959226680184e-02,-1.879795151971153100e-01,-9.420485007771552818e-12
0.000000000000000000e+00,0.000000000000000000e+00,0.000000000000000000e+00
-1.166499928787948781e-01,-3.242935751701694347e-01,9.182213088931747125e-13
-4.551128356009149362e-02,-2.057825940337404402e-01,9.274886316747768099e-11
-3.191404422267743457e-02,-2.097601158987464909e-01,-9.340262883821683072e-11
-3.001377132858427249e-02,-2.134417458284396385e-01,7.731405793529267769e-10
-2.144379831696799354e-02,-2.193864862726546960e-01,-7.724028327898301214e-10
-2.121329526954510505e-02,-2.219625710502151072e-01,3.932049336091885044e-10
-2.170187803807679255e-02,-2.319459458867358936e-01,-1.789968379116670231e-11
-1.024838123422982562e-02,-2.590315736354908971e-01,-3.762672395157785439e-10
-1.043097691711603048e-02,-2.579538352462750206e-01,4.292712022064939175e-13
-6.735732821417917543e-03,-2.618611367999619799e-01,2.974120281025942466e-10
0.000000000000000000e+00,0.000000000000000000e+00,0.000000000000000000e+00
5.689612072116466412e-02,-5.881117924182197587e-01,2.219119541066688384e-08
0.000000000000000000e+00,0.000000000000000000e+00,0.000000000000000000e+00
0.000000000000000000e+00,0.000000000000000000e+00,0.000000000000000000e+00
2.625812133471617377e-02,-8.315642250554832193e-01,-1.756724259041967585e-08
0.000000000000000000e+00,0.000000000000000000e+00,0.000000000000000000e+00
0.000000000000000000e+00,0.000000000000000000e+00,0.000000000000000000e+00
0.000000000000000000e+00,0.000000000000000000e+00,0.000000000000000000e+00
0.000000000000000000e+00,0.000000000000000000e+00,0.000000000000000000e+00
0.000000000000000000e+00,0.000000000000000000e+00,0.000000000000000000e+00
0.000000000000000000e+00,0.000000000000000000e+00,0.000000000000000000e+00
3.446395343116194221e-01,-2.095182688303388829e+00,-4.865090026038014275e-09
-1.699899202289921821e-02,2.443560667842182080e-02,-4.408334065847841934e-11
1.457648261070964901e+00,-6.155343136446598251e-01,-1.211024161713145940e-11
1.561245340355281064e+00,-6.453719406123335778e-02,-5.607370791231505464e-13
2.364849646996604049e-01,3.120730525873713912e-01,1.964403260073570637e-10
3.811456802403154764e-01,-4.494952943897503883e-01,-1.964292752682777711e-10
5.392775914091859635e-01,-2.015099319651674215e-01,-1.179284424657193569e-14
1.540099324936451131e-01,1.545281191730672743e-01,5.753933252080537222e-15
3.716729350645884417e-02,-1.041015647899145996e-01,-4.987986249867476798e-15
1.389074333317346938e-03,-1.448007442991927629e-01,1.389659699607021997e-13
-8.025081238281304291e-03,-1.393894982767435731e-01,5.175323633135172162e-11
1.400061722918081140e-02,-1.123938073265490223e-01,1.925023120238997014e-10
-5.820536574793082341e-02,-3.569817141567356578e-02,-2.232942666895321291e-10
-1.076423113061381470e-01,-1.708141339027884759e-02,1.618656110700656217e-09
-9.312650612471705391e-02,-1.719970438740465318e-02,-1.637421059987756573e-09
-8.871112974650260941e-02,-2.767560320424038503e-02,-2.327655266701701374e-12
1.663120694394153998e-01,-2.252310407602566289e-01,2.135175945621291422e-10
1.642097345290184085e-01,-7.709745183067849561e-02,2.715847099980031915e-11
6.707302907637500977e-02,-4.742789730667199000e-02,-1.931710377718931411e-10
-9.204181381113489546e-02,5.151978919895673636e-02,-4.750511026046868703e-11
-1.089596206248289040e-01,-3.105703482521649655e-02,1.005029686390208074e-11
-1.139691869804285163e-01,-1.516852208122400694e-02,-1.004608304327759776e-11
-1.200130499132123774e-01,-2.510021647392940078e-02,-1.112951543635778294e-14
-1.566821302928827764e-01,-4.767580058329618647e-02,4.224174841928133146e-10
-2.832476672815573693e-01,-1.082455652427787435e-01,-4.223683049487473803e-10
-2.962034528732607752e-01,-1.357107575063578042e-01,-4.298454861308921417e-14
-2.979370373392832283e-01,-1.383204957845498018e-01,1.517657948214012848e-13
-1.539973005811265394e-01,-2.068798048700731806e-01,1.176295427285058422e-10
4.466733363281109870e-02,-2.458617226208630324e-01,-1.176799197944415660e-10
2.416068263810084923e-02,-1.735067149132522857e-01,1.810381582397193315e-11
4.487808011499298810e-02,-2.036028052320647541e-01,3.199335577690267706e-11
-5.023835793133189787e-02,-1.460562747266532235e-01,-3.214760863111713492e-11
-2.219789720671537514e-01,-9.170288220660227640e-02,8.572612622276970808e-08
-2.137959893902207364e-01,-1.547803736143165687e-01,-8.138681359735354443e-08
-2.163577002925489157e-01,-1.433348220478706525e-01,-3.777478796932194832e-09
-2.062835272428018285e-01,-1.511352748145896874e-01,-4.170578795394476224e-10
-1.991411324461552224e-01,-1.513233646138121280e-01,3.172237500154165504e-10
-1.908575056808586023e-01,-1.539940177515493058e-01,9.910813323985313516e-10
-1.831517538246462962e-01,-1.558011826538943656e-01,2.219704007743806535e-09
-1.754821234988201695e-01,-1.579938303598582283e-01,-3.689977409762917579e-09
-1.149509626252785549e-01,-1.511201998239657951e-01,-6.971012539410163952e-14
-7.225959056810744852e-02,-1.348613853431309406e-01,6.634747487050609205e-09
-3.838099775790554391e-02,-1.226157780740835535e-01,-6.632539378024062034e-09
3.772358615690341727e-02,-1.725053830300043167e-01,9.318729057455244696e-10
-3.593874930024129610e-02,-1.756308007741227417e-01,1.000817498797586990e-09
-3.215495485941891052e-02,-2.014640759620713872e-01,-1.887182104553767761e-09
-4.376102039077865019e-02,-1.918643063520245051e-01,-4.847551473047505517e-11
-3.680235765955380822e-02,-1.990137130698605983e-01,7.667517395716000246e-12
-4.055382861691363139e-02,-1.960813717237038512e-01,2.005097774659148645e-10
-4.492077894317154235e-02,-1.953999493963731737e-01,-1.900327206842751145e-10
-1.071480644154463036e-01,-1.501370516546174649e-01,1.349289954293405515e-08
-1.015172597256805698e-01,-1.737124774685257222e-01,-1.276411284788588824e-08
-8.194649748806917544e-02,-1.673673191422941353e-01,4.637485999338107285e-09
-3.389215503235661064e-02,-1.615289861068794908e-01,-5.383096914620677471e-09
-1.457816052467270918e-01,-1.655286498253817629e-01,6.628125185574776302e-12
-1.553586587974183919e-01,-1.986577439147022006e-01,5.423141403812536429e-10
-1.340260733009874805e-01,-2.353551689013992920e-01,6.466346397135086417e-10
-1.192701856541121125e-01,-1.951289463068260066e-01,-1.196932893829027299e-09
-1.020217133628853468e-01,-1.569682663693383329e-01,1.946868614472650803e-10
-8.997778362411831821e-02,-1.578880298359726375e-01,-1.946771889652533149e-10
-9.259609997449182173e-02,-1.544418312849788200e-01,1.180811195109895283e-11
-9.126023335385048674e-02,-1.613886315525702719e-01,3.618662038243483320e-11
-9.187741527819420773e-02,-1.653712620628713381e-01,-4.470126359997015421e-11
-9.043054034825796783e-02,-1.715526975183801206e-01,1.631422854608264672e-11
-8.894033625305657054e-02,-1.776143057809747017e-01,-1.946276597637682070e-11
-8.856395583922709036e-02,-1.842958055343110191e-01,2.251805807652467035e-12
-8.829482734095962793e-02,-1.921847018520408679e-01,-1.800339682221179508e-12
-1.017668850740697656e-01,-2.323822248190709205e-01,4.372299956587787396e-12
-1.777186072992227306e-01,-2.381842326269363597e-01,6.122443715656271240e-12
-2.014904295939780876e-01,-2.549201209722508632e-01,-5.915415995867557489e-12
-2.084049545347273769e-01,-2.614099096645108866e-01,-5.157459829881656082e-12
0.000000000000000000e+00,0.000000000000000000e+00,0.000000000000000000e+00
-3.710072504833344387e-01,-5.352482254090097369e-01,-2.791528175702698516e-14
-2.673131846378802856e-01,-2.619860888484143446e-01,-8.284490272913694233e-16
-2.164007183659541755e-01,-2.954387446595587718e-01,1.739007832598899794e-14
-2.227967009583257940e-01,-2.784884930403322412e-01,8.082599260956057772e-16
-2.211712810597226686e-01,-2.877327788029179212e-01,1.025594650652588455e-14
-2.243138694742934924e-01,-2.888630500689823855e-01,1.994540307146348102e-14
-2.564440222558969085e-01,-2.788664464384958408e-01,7.774137812321284540e-13
-2.666125946083088838e-01,-2.880279577971012195e-01,-5.632380888821231182e-13
-2.681597293376642988e-01,-2.919281958622421125e-01,5.572516316745270295e-13
-2.685382868805239465e-01,-2.942695766750705322e-01,1.895225734284301599e-12
-2.684897654187670124e-01,-2.963571033630896245e-01,4.190006467193414529e-12
-2.682793725566121057e-01,-2.980783966498187776e-01,2.209325492838694818e-11
-2.678809760678783625e-01,-2.995168095568438438e-01,1.462191297448275139e-10
-2.662789474633340814e-01,-2.936041900429356977e-01,1.109975077651299367e-09
-2.640847382038881141e-01,-2.592885122527882613e-01,-1.285059130919806600e-09
-2.674565355714494941e-01,-2.790150962769094023e-01,-1.320850227640842061e-13
-2.700896199720917989e-01,-2.752067664384312273e-01,6.743114215106201256e-10
-2.678163868303326534e-01,-2.769979419795897124e-01,-2.490610863968033323e-10
-2.472699890706293591e-01,-2.540325158513827009e-01,-4.252493119016448861e-10
-1.387848054599503667e-01,-2.178279471389690247e-01,1.900787577520739354e-10
-1.331845354500916789e-01,-1.951491040511025010e-01,-6.981244383087571626e-11
-1.274822219213092023e-01,-1.991720821933666841e-01,-1.200811951155314232e-10
0.000000000000000000e+00,0.000000000000000000e+00,0.000000000000000000e+00
-3.802260621194357149e-01,-3.393780016674264877e-01,2.164964493058234736e-12
-2.290847044430358304e-01,-2.019975330765034494e-01,1.519270111848945559e-12
-1.019428901764574263e-01,-4.344191216520030263e-01,4.457795122611657609e-12
1.778160812861058482e-02,-1.575778074534516682e+00,9.372106909328710673e-11
-4.154345084417549461e-01,-5.063181828887777236e-01,4.170306372607760868e-11
4.193440264314237664e-01,-7.573546823404012640e-01,-1.434361996733399669e-10
1.378022250314724806e+00,-1.543679330606481279e-10,9.241566261424170037e-01
1.901727304786624551e+00,6.303704319070948459e-13,1.330381346187770930e+00
9.179681522233748003e-01,7.807607238011516404e-12,1.249605431042079218e+00
1.161882143213764707e+00,1.648042070377779534e-09,8.788864117385974950e-01
3.246773785921854838e+00,-1.600970546731017244e-09,3.499999999534857853e+00
-3.396858809618810149e-01,-5.566826018130783522e-11,1.881041520177032966e+00
3.561798172014359332e-01,4.475648001992200639e-14,1.526024386877905314e+00
7.146204926111739963e-01,-6.818172735736648977e-14,2.100683473054071992e+00
2.724335897944594187e-01,4.022750556709297537e-16,1.660706420008163597e+00
-2.324432821900142276e-01,-5.870149563740670559e-16,1.959682420922892465e+00
-5.180541574534854865e-01,3.364680144690857564e-11,2.585188165992775122e+00
-3.266455469415360802e-01,9.281947442816658301e-10,7.409729080181765015e-01
-6.160743591809295649e-01,-9.618393012827321823e-10,2.209141044351716765e+00
1.974896778094275551e-01,-6.613847230160245343e-16,-4.843820573220682935e-01
-1.009609426098168505e+00,7.184954550453041527e-12,2.594679711846628045e+00
5.313665789286106111e-01,-5.212775359741232778e-12,-3.354522362847895400e-01
-2.535795298420259192e-01,-6.611984158377073377e-13,5.394710538325010463e-01
-2.637499329783121182e-01,-1.204245384290198341e-12,7.035241667297813528e-01
1.438093731410156062e-01,-1.068793342625758750e-13,3.633510584917096914e-02
-1.384950932726759787e-01,3.791745196317444758e-16,9.117980651305741466e-03
-1.721981040746529412e-01,-1.633685458638575326e-15,-5.030000546252159921e-02
-2.084872980474435367e-01,7.534508093830158111e-16,-3.303738896198293168e-02
-2.226612801888827597e-01,1.665122957612816366e-15,-4.077566295288716919e-02
-2.349549216215402470e-01,1.217387984593690492e-13,-3.950494022136760014e-02
-2.416899687909937477e-01,-1.203453835457009724e-13,-4.315714148496021391e-02
-2.418712514981800343e-01,5.789925041500627439e-13,-8.655045383829099159e-02
-2.547491474652952004e-01,-5.729218455506940399e-13,-1.035607843686116858e-01
-2.571414630899221954e-01,2.359658656763154861e-14,-6.257496555060802768e-02
-2.448962773002630877e-01,9.780917222577757786e-12,-4.130491045762884478e-02
-2.436636467112088533e-01,1.706459637561378205e-10,-4.596910923514118535e-02
-2.473777247237299859e-01,-1.793402357133336102e-10,-4.584078281226013074e-02
-2.506346766321377317e-01,4.968595432291702554e-13,-4.854212999003262169e-02
-2.535936804275500944e-01,-1.507393260267188876e-12,-5.009772190336889142e-02
-2.558999384747960293e-01,4.026538286344455652e-11,-5.179798953793565003e-02
-2.574885301039310237e-01,-3.989936789682137700e-11,-5.302183731518923804e-02
-2.590140012603086572e-01,1.764106836182192971e-09,-5.419067337934417583e-02
-2.601155018703120159e-01,5.831164984774478026e-11,-5.512790448828050471e-02
0.000000000000000000e+00,0.000000000000000000e+00,0.000000000000000000e+00
-5.255479547841320764e-01,-1.396465230304663737e-09,-1.152107272686269807e-01
-2.687619691583499337e-01,-1.884047517167490017e-10,-1.114093013020201889e-01
-2.726902106812933435e-01,-2.061987927249373116e-10,-5.446583059894281875e-02
-2.552405282979602896e-01,-3.164168461377133254e-11,-7.029903679086026147e-02
-2.583318458875802359e-01,1.346872408800552497e-10,-6.030981568714995078e-02
-2.508154802374576442e-01,-1.348683291523018969e-10,-5.793278018274291424e-02
-2.483321992774412679e-01,-9.413114343823087408e-16,-5.464530229385274052e-02
-2.468358783088111519e-01,-8.634488277634755711e-16,-5.438034917308703226e-02
-2.462883852466104806e-01,4.256141771579811354e-16,-5.346244702553586137e-02
-2.456645570869788187e-01,-7.463797663179066792e-16,-5.290538205481606221e-02
-2.452446995533766605e-01,4.439905891332538071e-16,-5.226644157268326568e-02
-2.449041846675331924e-01,-6.337583349209476290e-16,-5.165562733302542925e-02
-2.446664561537361116e-01,6.504462790482403314e-16,-5.106813214154204417e-02
-2.445385025665826884e-01,1.291392115739816936e-09,-5.047131338396548123e-02
-2.444403681039861442e-01,1.756795353782736583e-09,-4.987613896025579890e-02
0.000000000000000000e+00,0.000000000000000000e+00,0.000000000000000000e+00
-4.769517924107309903e-01,-3.006804713678825483e-09,-4.942877312805171036e-02
0.000000000000000000e+00,0.000000000000000000e+00,0.000000000000000000e+00
-4.512195586898817834e-01,1.344521369896417888e-09,-9.754000036036324095e-02
-2.428508077474509363e-01,1.800946876327629543e-09,-7.600986391293111655e-02
-2.406216194113377227e-01,-2.193520094365129987e-09,-3.303344983905278504e-02
-2.284596518645228558e-01,4.538838969220542100e-10,-4.461571072267327132e-02
-2.323432974963125786e-01,9.617902519075640250e-10,-3.746288273649380635e-02
-2.305033699968344896e-01,-2.409004342358344610e-09,-3.970308421223491674e-02
-2.315456147577474588e-01,4.468467543967206560e-11,-3.770046751642955329e-02
-2.316035567045916232e-01,-3.175301508422755185e-11,-1.554039102157508782e-02
-2.244759861751227659e-01,-1.292893034915898241e-11,5.071702646597296520e-03
-2.170083194522771375e-01,3.049200387768553591e-14,2.248510676764724995e-03
-2.108737665304611653e-01,-2.647050899895395748e-14,-1.234417191811861512e-02
-2.070940361517756012e-01,7.943025416797892150e-16,-3.093834677973912942e-02
-2.122570472623040716e-01,1.464129253345283911e-15,-2.321625059799375945e-02
-2.094349918947835676e-01,1.827578059277856180e-15,-2.562113291898508380e-02
-2.098287645327863715e-01,4.281594054391357801e-15,-2.302561077391840003e-02
-2.086643121815758006e-01,2.728552330868492576e-15,-2.270454521510277893e-02
-2.082291941371179067e-01,-7.142558049429472326e-15,-2.128368940461134243e-02
0.000000000000000000e+00,0.000000000000000000e+00,0.000000000000000000e+00
-4.215398855783279441e-01,3.899674976546167341e-11,2.670934369168925793e-02
-1.985724696844238246e-01,-3.892653773040278081e-11,-3.802544141936639588e-02
-2.218585398423036925e-01,8.340817781049808890e-13,3.617085509520525516e-02
-1.962855739042297376e-01,1.139306339274673755e-09,9.903517587678049156e-03
0.000000000000000000e+00,0.000000000000000000e+00,0.000000000000000000e+00
0.000000000000000000e+00,0.000000000000000000e+00,0.000000000000000000e+00
0.000000000000000000e+00,0.000000000000000000e+00,0.000000000000000000e+00
0.000000000000000000e+00,0.000000000000000000e+00,0.000000000000000000e+00
-9.718962353717702785e-01,-1.080970830378992254e-09,2.028212987029670844e-01
-9.997465256450709103e-02,3.378737484324843110e-10,-2.362323103027587079e-01
-2.787126548754532696e-01,1.402534117112487704e-09,1.217529841837944604e-01
-1.596919100038635686e-01,-1.711560791035820622e-09,-2.778166937074535645e-02
-2.008551643365021067e-01,-8.808603835659353301e-11,4.759257056133944092e-02
-1.725059141659118500e-01,1.008975215290603696e-10,1.757598253088367077e-02
-1.793699513501284259e-01,8.255120406383856177e-09,5.503213401143294131e-02
-1.637887618421304259e-01,-8.350926767105638905e-09,4.420761676472030610e-02
-1.635543915018141947e-01,-4.156616997542362792e-12,5.334701804146865095e-02
-1.567269340115673704e-01,-8.349166591575920862e-13,5.249609404150133718e-02
-1.531713980608128411e-01,-8.910388788316063827e-14,5.625615745505133797e-02
-1.481069351378191679e-01,1.429058263982414870e-12,5.766911660065972278e-02
-1.438486888224748406e-01,7.733670518212745667e-11,6.006758271461320325e-02
-8.830573528391702509e-02,-7.764377719741482691e-11,8.278309263946069529e-02
-9.478772034171632302e-08,3.471738446970357090e-10,1.190820426243794083e-01
-7.238216305662631932e-07,-3.476496035365864215e-10,1.148438054210107473e-01
-3.813675944797718931e-02,3.881099253206071339e-10,9.313152757802774240e-02
-6.622339268971934312e-02,-3.828537793549902648e-10,7.459689066326860574e-02
-9.269750968909071243e-02,1.188166628112752819e-10,5.346841924139629498e-02
-9.662979531847813719e-02,2.100253353470951070e-09,5.112463352885075751e-02
-9.384968012742588017e-02,-2.224880607374700687e-09,5.143827955744151303e-02
-9.065730936342719648e-02,9.281395977820689637e-13,5.273138980599516995e-02
-8.821778901968611863e-02,2.523470323004716051e-10,5.628478959505128776e-02
-8.482179051922225654e-02,-2.533881905355716769e-10,5.819520040998493043e-02
-8.089736778878532653e-02,1.633319714794051645e-11,6.000178578646160610e-02
-7.681414133179072234e-02,-1.513223596511567580e-11,6.206926067191600310e-02
-7.260340714906206305e-02,5.561509478549990818e-11,6.421192704580098998e-02
-6.822869861816567572e-02,-5.642844460565260945e-11,6.638622175493602562e-02
-6.186081587296737849e-02,4.256345069287002417e-11,7.386267621443352860e-02
-7.741171820641457035e-02,-3.659791115133715621e-11,6.276874021498846101e-02
-7.675155810997077999e-02,-6.303210398029900125e-12,6.304835543557725519e-02
-7.647026373967535928e-02,4.028449598353984208e-11,7.625017317922772042e-02
-7.752865617192801484e-02,-4.033359112807096199e-11,8.397992355262538788e-02
-8.216909202759209441e-02,1.686407389784386274e-13,7.595839978896981592e-02
-1.015132182384579779e-01,3.644254308238713679e-08,5.463036890630674353e-02
-1.163923567371102363e-01,-3.644070145997612922e-08,3.999738246409907660e-02
-1.204987694871222231e-01,3.605129882774755364e-10,4.535777785033955067e-02
-1.893841124255172814e-01,-3.246346970970579722e-10,-1.229959534351557707e-02
-2.553680797034721950e-01,-3.787267099020608925e-11,-5.351815893442098820e-02
-2.657003284728938208e-01,-2.665649688183616501e-15,-5.817176131155871177e-02
-2.689019113046147713e-01,5.398671750467790082e-14,-5.953073169682362997e-02
-2.706801455391330546e-01,8.088806841390936609e-11,-7.857461703010622245e-02
-2.798614132071948202e-01,3.846572666279439432e-11,-9.307794315448497668e-02
-2.804352680351644422e-01,-1.166733055438673601e-10,-8.411088239038286285e-02
-2.793805233578686709e-01,-2.515951768384735953e-12,-8.582122996261262737e-02
-2.969613364313350434e-01,8.353051564933561898e-11,-9.478233754432779934e-02
-3.069465447713113915e-01,-3.576418167028103047e-11,-1.011827633960446782e-01
-3.090992182787391518e-01,1.903565651228983629e-10,-1.065382238647603064e-01
-3.106432461835065273e-01,-8.265182628846936511e-11,-1.109175313325564682e-01
-3.134596692561904541e-01,5.445445007415003665e-10,-1.090924221159931956e-01
-3.145547120009812847e-01,-6.956483682363246330e-10,-1.098065066154669672e-01
-3.161979794626206819e-01,6.282615643336025179e-10,-1.089095310225803859e-01
-3.173040734035497690e-01,-2.405850938976096368e-10,-1.077509372649913255e-01
-3.181985329570023446e-01,-2.450717174333071797e-10,-1.065761263432173367e-01
-3.188844213196311839e-01,1.522119557922206588e-10,-1.067161432091639911e-01
-3.190706100751664609e-01,2.633542834446914163e-10,-1.050948203603020437e-01
0.000000000000000000e+00,0.000000000000000000e+00,0.000000000000000000e+00
-6.071806146908309554e-01,-5.544026343741806058e-10,-1.325840670667561283e-01
-3.131906741867122590e-01,1.142989385499803257e-09,-1.727718090226433856e-01
-3.645058340279048181e-01,-1.150897597034415111e-09,-6.169998490946626557e-02
-6.142190338994597543e-01,1.236515610317462585e-10,-7.773354862854797709e-03
-3.203295785819405550e-01,5.553380603818327841e-10,-1.957741533995757399e-01
-4.777082417298452177e-01,3.945517131744084962e-10,-9.375570249894077390e-03
-9.926909584027924227e-01,1.351621092382745978e-08,1.452026222621509710e-01
-6.857258009623656836e-01,-1.458680888484879459e-08,-6.394893526412599449e-01
-9.560017096537142267e-01,1.550522570430538795e-11,-1.072385511571931183e+00
-1.193445236586736735e+00,1.062301428612898249e-09,-3.545776254221902901e-01
-2.035953760184404659e-01,4.895115016723252312e-09,7.750826998997858430e-01
-4.574780545561863303e-09,-5.975919550675183734e-09,1.750182920177158374e+00
3.081756122934872899e-10,1.213608492623990122e-06,8.610826576467018878e-01
-2.915715211621866470e-10,3.106814173120565625e-01,-6.958636294042562787e-01
0.000000000000000000e+00,0.000000000000000000e+00,0.000000000000000000e+00
0.000000000000000000e+00,0.000000000000000000e+00,0.000000000000000000e+00
2.683962045453475937e-11,3.499998503218646473e+00,3.499999996727113594e+00
-4.356936567612259486e-11,-1.457266100763403571e+00,1.296367209214570604e-01
4.197368954803063382e-08,1.347495677476976184e+00,6.979852758646479804e-01
-1.999464866340697915e-08,9.321443371854470916e-01,3.696250178271599518e-01
-2.197907892952779500e-08,-2.023004653164718336e-01,-7.929543162025125269e-02
4.147267763530491061e-09,6.073092248353809675e-01,-6.576754955879079642e-03
-3.390324831915422882e-09,8.336806525911589771e-01,7.718797732580300053e-02
-7.274786263168719803e-10,9.137653593155322662e-01,4.320351465025199511e-01
4.220760774742143454e-09,5.293901723355749489e-01,4.940691001619881145e-02
-4.244394866216054474e-09,1.328161533946348394e+00,2.780381555973630570e-01
2.239646656911908721e-10,-1.362582013315757068e-01,-9.163648133029958509e-02
-4.176042303585389647e-11,5.349510833933468490e-01,-5.639173865138158437e-02
-1.023422300935362785e-10,1.429218193924113756e+00,1.629619369569901000e-01
6.567185248511644649e-11,1.088073555190527675e-01,-9.640605259987695963e-02
-1.511268090676798262e-10,4.098565411427076977e-01,-3.015912864449428119e-02
1.799559205394817531e-13,2.684284791002717885e-01,-3.330133394363916921e-02
1.315612146598367085e-08,3.038741873047881015e-01,-5.860046816808431314e-02
-1.315653864189428608e-08,1.938715284899309721e-01,-1.180176336027080747e-01
3.136091432754577546e-10,2.074183829162786208e-01,-1.526144841806372499e-01
9.702546659289521927e-10,1.838698660641921168e-01,-1.817194887637681999e-01
-1.283868599869154504e-09,1.842204761682625092e-01,-1.992534370435757318e-01
4.818411229359538732e-14,1.841931874367656874e-01,-2.032830069174530740e-01
8.586163756231246534e-11,5.098728453831455343e-02,-2.569933136013031194e-01
4.551972206913477463e-10,1.225124182279244550e-01,-2.542585357573330929e-01
-2.417642568206737790e-10,1.001463413618690484e-01,-2.556886584851366662e-01
0.000000000000000000e+00,0.000000000000000000e+00,0.000000000000000000e+00
0.000000000000000000e+00,0.000000000000000000e+00,0.000000000000000000e+00
0.000000000000000000e+00,0.000000000000000000e+00,0.000000000000000000e+00
0.000000000000000000e+00,0.000000000000000000e+00,0.000000000000000000e+00
-2.993425360108035352e-10,8.367182814776265021e-01,-1.181622402862293475e+00
1.946921877854951187e-14,-1.411737741111002975e-01,-3.453914052883563790e-01
2.041155884600809856e-09,2.019034948308051636e+00,-1.237813300205207884e-01
0.000000000000000000e+00,0.000000000000000000e+00,0.000000000000000000e+00
-2.039326798440221544e-09,2.775181429444049108e+00,7.974979581790432592e-02
2.090127168144729949e-09,-9.021896413997293473e-01,2.138885483315743907e-01
-1.783719376692188945e-09,8.091432149594104395e-01,-2.821843663400556146e-01
4.342515892993450114e-10,8.795615761560136026e-01,-1.516735086932184673e-01
7.198459364115509772e-09,-2.911881018065466953e-01,-1.153644188215103006e-01
1.111881751423554663e-08,2.650600070983279988e-01,-3.444695572126269534e-01
-1.384736531631124447e-08,-5.103299047063699495e-02,-2.633077339711222264e-01
8.578270307816631055e-09,1.229129950313734981e-01,-3.173202491867466168e-01
-1.378763460697377621e-08,1.378971917153801185e-02,-2.878600302582145498e-01
5.210205747744333562e-11,7.295893547117027200e-02,-3.060840902806181707e-01
-5.508945747944893111e-11,3.937724600456792706e-02,-2.980852434232583170e-01
3.056700330283435698e-13,5.726948378084033286e-02,-3.040904965248615310e-01
-1.159184569769902968e-13,4.676387960241590314e-02,-3.019474965742911521e-01
1.079329675518374997e-09,3.769095999926576346e-02,-3.108430553062209167e-01
3.047319677949860976e-09,3.066090133700586154e-02,-3.185932569165276784e-01
-3.607775344471082901e-09,3.669032125752749035e-02,-3.192101296177158321e-01
1.635147231010675690e-09,4.988186587306830261e-02,-3.040778034628861537e-01
-6.591945550038019286e-10,3.730295861451637246e-03,-3.985015043872421892e-01
6.355815071533071152e-09,2.620582070823228104e-05,-4.430077704148469575e-01
-7.487238400440183535e-09,5.174711293742737921e-05,-4.217266900467680490e-01
-3.631100395665926410e-10,2.974265393246046038e-02,-3.364690691574060977e-01
3.218130414509139774e-10,3.919488962903720786e-02,-2.934628171469660374e-01
0.000000000000000000e+00,0.000000000000000000e+00,0.000000000000000000e+00
0.000000000000000000e+00,0.000000000000000000e+00,0.000000000000000000e+00
0.000000000000000000e+00,0.000000000000000000e+00,0.000000000000000000e+00
0.000000000000000000e+00,0.000000000000000000e+00,0.000000000000000000e+00
-3.200376491611670892e-10,3.987202575992208065e-01,-1.378439910539785984e+00
2.076618011817885358e-10,-2.182461996370957946e-01,-3.124722377138758889e-01
6.464202243517526124e-10,1.415433303830778977e-01,-3.183330507810897547e-01
-2.307521305555402183e-10,1.067014199069259671e-02,-2.556573624805527634e-01
-6.251867019423775235e-10,5.908135916526804921e-02,-2.672154057716678577e-01
-4.692580076160099429e-13,3.954606402555517486e-02,-2.605903811308557527e-01
5.141688774437885876e-11,4.885013917068582040e-02,-2.619427201870063726e-01
-4.070216601656307901e-11,4.589603411566279406e-02,-2.599985757506763639e-01
-8.043813787170590263e-12,4.820503648063465679e-02,-2.595032369855125864e-01
-1.559695097974502470e-13,4.833135300699024917e-02,-2.584238750872930312e-01
1.068843886260655245e-10,4.945238742214633915e-02,-2.576262201197159762e-01
-9.903627981723847551e-11,8.315976316365750187e-02,-2.324643483270985578e-01
-2.947228133787667421e-12,9.874536575115613890e-02,-2.047895797824219599e-01
1.577540987635497037e-11,9.690611742572101395e-02,-1.968943186083714769e-01
-2.126853598927207762e-11,4.932391372158943105e-02,-2.143051149126407318e-01
-1.644448310886520158e-12,5.667183820284820567e-02,-2.243863666217681407e-01
-2.425015745814345205e-13,5.323128640811682077e-02,-2.223387800681463633e-01
-2.298833049713329137e-14,5.553341675999258487e-02,-2.211008079767584900e-01
-8.524160548288164688e-16,5.542487926674857790e-02,-2.191620989631546113e-01
0.000000000000000000e+00,0.000000000000000000e+00,0.000000000000000000e+00
1.978072294152224619e-09,1.603643698995482758e-01,-4.290112286852351686e-01
-1.977774560739058096e-09,5.330913905523648744e-02,-1.882986577141159967e-01
-2.867590259103809513e-13,1.247717021212077920e-01,-1.847767947128917954e-01
1.496517688099983468e-13,9.686024623431077618e-02,-1.699842786074730605e-01
2.420313766305419024e-10,8.619944595767967122e-02,-1.733200232646705252e-01
5.490409492150205047e-11,7.988218535855395874e-02,-1.218876132096569920e-01
-2.943342236847679973e-10,9.360657795931909275e-02,-8.907584317792928419e-02
-1.981503470102585473e-12,9.130884376945892777e-02,-8.425241199172006645e-02
4.260843664591053803e-11,9.294937565763311538e-02,-8.045199241097211740e-02
-4.338220467221705114e-11,9.276866884800578916e-02,-7.654284342366958482e-02
6.849292295526364409e-12,1.217142374202857397e-01,-5.176900229405821674e-02
-4.258002370281523880e-12,1.350442367534163968e-01,-3.115475021779612677e-02
3.715676329893663992e-12,1.310477657411501795e-01,-2.912455065522374237e-02
6.609665497757058202e-11,1.327431908080175527e-01,-2.766109625946506015e-02
5.788352767905777621e-12,1.318542366348693928e-01,-2.591961500506663116e-02
7.555394148461144604e-10,1.336099373553246150e-01,-5.676632858531413528e-02
-6.842758428706941434e-10,1.326150212641370174e-01,-6.864569419188985833e-02
1.822386216506580995e-11,1.307167239921853130e-01,-6.878056784577013527e-02
4.295550983528582033e-10,1.227483584054160359e-01,-6.363522443016154939e-02
-4.248093922998081645e-10,1.365634730424386822e-01,-6.305164402177433625e-02
-1.724405261605147931e-10,1.463346344712721514e-01,-3.934005020500548622e-02
6.412971730346839815e-14,1.387598932941040419e-01,-4.325126711791003886e-02
7.201291220707129525e-10,1.334662446893375987e-01,-6.221550786980710457e-02
-7.162167026484669025e-10,1.265072619958824973e-01,-7.836911133726620626e-02
-3.747375446231373542e-12,1.300410112593163858e-01,-9.265298602787999660e-02
-2.123423513320532332e-13,1.317333709694861466e-01,-1.082038117188985349e-01
-1.494087307878226814e-14,1.309178530983892974e-01,-1.093347915118403346e-01
3.997863252261678149e-14,1.228339004913259619e-01,-9.847144496066534414e-02
5.108296771831571006e-13,1.118716404379572760e-01,-8.367239392696959599e-02
1.451554205814564538e-07,9.803658069241509565e-02,-1.391567088883561565e-01
-1.450471047080606174e-07,1.003034220116845732e-01,-1.401299531043953828e-01
1.549734170237210738e-09,1.008298285607635847e-01,-1.400554265064743176e-01
-1.658579301494635605e-09,1.046345668709156296e-01,-1.379083163932255940e-01
-1.731260408638783805e-14,9.568685976235850876e-02,-1.172991839309375089e-01
4.184438138772796122e-13,5.909928605712443106e-02,-1.677730599800761335e-01
5.832805089743677707e-10,6.190327307275222263e-02,-1.438954702219749082e-01
3.556037853485227276e-10,9.111490811615038932e-03,-2.650706235681193346e-01
-7.945410414767117902e-10,2.094511696756532967e-02,-2.741264037098105066e-01
1.958654491027594272e-10,1.553540118175029613e-02,-2.764847431574810055e-01
-3.404243665309428841e-10,4.257420536102565073e-02,-2.691120403007669637e-01
7.055737863634578337e-12,3.593343699426148480e-02,-2.676108921316681100e-01
-1.155389741446227718e-12,3.891322673755377715e-02,-2.710529945114216743e-01
1.035046505346365959e-10,3.723764958579458412e-02,-2.736392675784439232e-01
5.254109417057046339e-10,3.757614748702579888e-02,-2.765784443331261722e-01
-6.345894519773767102e-10,4.539206454547022734e-02,-2.803118610090736262e-01
2.317755760288231912e-10,4.244686001418695315e-02,-2.823369056191797344e-01
1.096781659947944865e-09,4.319204814737039044e-02,-2.850388717819157813e-01
-1.328406116554171381e-09,5.316416018906196250e-02,-2.819498124560115837e-01
1.234420236571265221e-10,5.196022962962652814e-02,-2.808537278371351920e-01
5.713270200193684053e-09,3.012744710717288332e-02,-3.013698636082248195e-01
-5.618741607766374855e-09,1.027668432365906083e-02,-3.261688155788426413e-01
2.181464800104349622e-10,1.215486243604791024e-02,-3.292704205687135843e-01
1.066148831603053325e-09,9.727063453723875514e-03,-3.307913683374909541e-01
-1.432425839900977240e-09,3.147578262400807514e-03,-3.405220103592986325e-01
2.757987195432819873e-11,4.636405963380334921e-02,-3.671509078050378405e-01
-9.800271360385187012e-11,1.477738399697412636e-02,-3.000049515637586706e-01
2.703940284412264174e-14,3.777742650667628710e-02,-3.068965413553669253e-01
4.214781716189586382e-14,2.054134693860864419e-02,-3.119606949019725350e-01
6.961912458172304960e-14,3.429379764545317094e-02,-3.136251105593696464e-01
-6.281893111952597107e-14,2.780275753429474750e-01,-5.283866063027379267e-01
4.219618731100178348e-13,-2.902283995656218529e-01,-1.225375496327777425e+00
4.845759508075409739e-09,-1.981873707265570106e+00,-1.267190029282078134e+00
1.712776904098432317e-08,-8.689871385725401742e-01,-5.566338176985555775e-01
-2.187051536159808925e-08,1.467532646830967125e-01,-3.646456114338842231e-08
1.009207281372439535e+00,1.793544595529553032e+00,-1.165220867081855770e-11
3.499993557503985109e+00,1.327506600665364411e+00,2.253128207048543207e-11
2.916291085981846276e+00,-6.112167436332591186e-02,6.155388729063713135e-12
-1.062224820796224822e+00,-3.189014800859651388e-01,-5.145161148419590375e-11
-5.507370404351134008e-01,1.433630946449526933e+00,1.251604002331302401e-08
3.499999999878259160e+00,2.731449276805115289e+00,-1.250397801214041266e-08
3.499999999858586008e+00,6.780454653456234881e-01,1.003015815437818205e-11
-2.644840892931013543e-01,4.200488000563478153e-01,4.856111803944930065e-11
-2.058093858979888890e-01,6.597995886928333942e-01,-6.448535441862069689e-11
1.144314216297215081e+00,3.197551566960082914e-02,-6.740207077918936954e-12
-3.188010166065334272e-01,-4.553983252325952830e-02,3.326240036615869651e-11
1.139079431220940131e-01,-2.893017338974390174e-01,-3.025721188460867332e-11
-2.273979130658646541e-01,-3.005871856411614362e-01,-2.998852584842808469e-12
-3.062231377742215439e-03,-3.060673694000833889e-01,-7.291746966072140820e-15
-6.292841171657770349e-02,-2.814113352659991518e-01,9.724094148135906071e-12
3.225227115174016806e-02,-2.654180160111717646e-01,4.627393599239976390e-11
1.384099907871750613e-02,-2.525654600526788807e-01,2.870804055847697507e-10
